Timestamp,Time_Unix,Power_Watts,Power_RPI,CPU_Util_Total,CPU_Temp,Core_0_Util,Core_1_Util,Core_2_Util,Core_3_Util,GPU_Util,GPU_Temp
21:30:58,1769031058.3013344,52.3,2.3,19.6,39.0,64.3,0.0,7.7,7.7,0,53
21:30:59,1769031059.3023646,52.1,2.3,5.1,39.0,5.1,6.0,4.1,4.1,0,53
21:31:00,1769031060.3033285,55.8,2.3,5.5,38.0,5.9,5.9,7.8,2.0,0,53
21:31:01,1769031061.3042932,52.3,2.4,5.2,38.0,6.0,5.0,6.9,5.0,0,53
21:31:02,1769031062.3052006,52.0,2.3,5.0,39.0,3.1,5.0,5.9,4.0,0,53
21:31:03,1769031063.3061821,52.7,2.4,5.1,39.0,6.1,4.1,4.0,4.1,0,53
21:31:04,1769031064.3071485,52.8,2.3,5.5,38.0,6.9,6.0,4.0,7.0,0,53
21:31:05,1769031065.3080983,52.9,2.3,5.5,38.0,6.0,5.0,4.1,4.0,0,53
21:31:06,1769031066.3091187,53.5,2.4,6.2,37.0,5.1,4.0,8.9,7.8,0,53
21:31:07,1769031067.31007,52.4,2.3,5.2,38.0,4.0,5.0,6.0,6.9,0,53
21:31:08,1769031068.311017,53.3,2.3,6.4,38.0,7.1,7.0,6.1,6.2,0,53
21:31:09,1769031069.3119495,53.0,2.3,2.5,37.0,3.1,2.0,1.0,2.0,0,53
21:31:10,1769031070.3128982,52.6,2.3,4.8,37.0,7.8,3.0,4.0,6.8,0,53
21:31:11,1769031071.3132129,52.8,2.3,5.3,37.0,6.2,5.0,5.9,3.1,0,53
21:31:12,1769031072.3141954,53.2,2.3,5.4,37.0,8.7,5.0,4.0,3.0,0,53
21:31:13,1769031073.3145723,52.2,2.4,5.1,37.0,7.0,7.1,4.0,4.1,0,53
21:31:14,1769031074.3155208,52.4,2.3,4.8,37.0,3.1,6.3,3.1,2.1,0,53
21:31:15,1769031075.3156137,52.0,2.4,4.8,37.0,5.1,5.1,3.1,6.9,0,53
21:31:16,1769031076.3165784,53.6,2.4,3.8,37.0,4.0,4.0,3.1,4.1,0,53
21:31:17,1769031077.3172503,51.9,2.4,5.0,37.0,5.1,5.1,4.0,5.9,0,53
21:31:18,1769031078.3182445,52.7,2.3,5.3,38.0,7.1,6.9,5.1,4.0,0,53
21:31:19,1769031079.3191986,53.0,2.4,5.0,37.0,7.9,3.0,4.0,4.0,0,53
21:31:20,1769031080.3201754,52.5,2.4,5.7,37.0,7.1,5.9,5.0,7.1,0,53
21:31:21,1769031081.3211522,54.1,2.3,5.8,38.0,8.2,5.1,5.0,4.0,0,53
21:31:22,1769031082.3220644,53.0,2.4,10.3,37.0,10.0,10.0,8.1,11.1,0,53
21:31:23,1769031083.322996,52.1,2.3,4.6,37.0,6.1,4.1,4.0,6.0,0,53
21:31:24,1769031084.3239343,54.6,2.4,3.0,38.0,3.0,1.0,3.1,4.0,0,53
21:31:25,1769031085.3248422,51.6,2.4,5.3,38.0,4.1,5.0,6.9,5.9,0,53
21:31:26,1769031086.3252234,53.3,2.4,5.3,38.0,6.2,5.1,5.1,4.1,0,53
21:31:27,1769031087.3261726,52.8,2.3,5.6,37.0,3.0,6.0,5.1,8.9,0,53
21:31:28,1769031088.3264918,52.6,2.3,4.0,37.0,4.1,2.0,2.0,6.0,0,53
21:31:29,1769031089.3274603,52.2,2.3,7.4,37.0,6.9,7.9,7.9,7.0,0,53
21:31:30,1769031090.3278513,52.1,2.4,5.5,38.0,6.9,5.0,4.0,7.8,0,53
21:31:31,1769031091.3288066,52.3,2.4,3.0,38.0,4.0,3.0,2.0,1.0,0,53
21:31:32,1769031092.329214,52.9,2.3,6.3,38.0,6.0,6.1,6.1,7.8,0,53
21:31:33,1769031093.3301773,52.8,2.4,4.8,37.0,3.0,5.0,4.0,7.0,0,53
21:31:34,1769031094.331151,53.4,2.3,4.3,37.0,6.0,3.1,4.0,4.1,0,53
21:31:35,1769031095.3321075,52.6,2.4,5.8,38.0,6.1,6.1,5.1,6.0,0,53
21:31:36,1769031096.3330534,51.9,2.3,12.1,38.0,12.0,10.1,12.9,15.2,0,53
21:31:37,1769031097.3332384,56.7,2.4,10.9,38.0,12.0,11.0,9.1,10.0,0,53
21:31:38,1769031098.3341825,64.7,2.3,2.0,38.0,1.0,2.0,2.1,2.0,0,53
21:31:39,1769031099.335138,52.7,2.3,17.5,37.0,16.2,15.2,19.0,21.4,0,53
21:31:40,1769031100.3360865,57.3,2.5,4.8,37.0,6.0,4.1,4.0,5.1,0,53
21:31:41,1769031101.3370135,52.9,3.5,7.0,39.0,7.0,6.1,6.9,8.0,0,53
21:31:42,1769031102.3371823,54.0,3.2,22.3,39.0,20.6,19.8,17.7,30.0,0,53
21:31:43,1769031103.338158,54.9,2.8,5.3,39.0,6.0,6.9,6.1,3.1,0,53
21:31:44,1769031104.339111,73.5,2.5,7.8,39.0,6.1,8.0,5.1,10.0,0,53
21:31:45,1769031105.3400812,53.5,2.6,15.9,39.0,17.7,16.2,16.2,13.9,0,53
21:31:46,1769031106.3410656,65.4,3.2,5.5,38.0,3.0,6.9,7.9,5.0,0,53
21:31:47,1769031107.3412209,56.1,3.4,14.5,38.0,13.5,15.0,12.2,18.2,0,53
21:31:48,1769031108.3418322,53.2,3.2,7.0,38.0,7.0,7.9,5.1,7.1,0,53
21:31:49,1769031109.3418453,55.0,3.3,17.6,38.0,19.2,13.7,19.6,19.6,0,53
21:31:50,1769031110.3428307,54.9,3.0,12.7,38.0,14.7,12.9,11.1,11.0,0,53
21:31:51,1769031111.343817,71.4,3.0,16.7,39.0,17.5,17.8,13.3,18.2,0,53
21:31:52,1769031112.3447385,55.8,2.9,14.9,39.0,17.2,14.4,12.5,14.3,0,53
21:31:53,1769031113.3452196,61.4,2.9,4.8,40.0,3.0,5.9,6.0,4.1,0,53
21:31:54,1769031114.3461797,58.9,3.0,17.1,38.0,16.3,13.7,16.5,20.8,0,53
21:31:55,1769031115.3471308,66.9,3.0,17.0,38.0,13.0,17.5,19.4,19.2,0,53
21:31:56,1769031116.3480704,53.1,3.0,15.2,42.0,11.3,21.8,14.1,13.4,0,53
21:31:57,1769031117.3490484,57.7,2.9,9.5,37.0,8.9,9.0,9.8,11.0,0,53
21:31:58,1769031118.3493447,63.9,3.1,17.3,37.0,13.3,14.0,21.8,18.6,0,53
21:31:59,1769031119.350249,64.0,3.0,16.4,41.0,16.7,14.1,19.2,16.8,0,53
21:32:00,1769031120.350278,55.9,3.0,7.8,41.0,5.1,8.0,7.1,8.1,0,53
21:32:01,1769031121.3512466,53.5,2.8,11.4,41.0,15.2,11.0,10.2,9.0,0,53
21:32:02,1769031122.3522387,67.3,2.9,17.7,39.0,20.6,16.2,17.0,20.0,0,53
21:32:03,1769031123.3523147,60.2,2.9,17.7,39.0,18.0,20.2,17.3,13.1,0,53
21:32:04,1769031124.3532295,60.4,3.0,6.0,38.0,5.9,5.9,6.1,7.1,0,53
21:32:05,1769031125.3541815,54.1,3.0,16.7,38.0,20.4,13.4,14.1,18.2,0,53
21:32:06,1769031126.3551702,67.1,2.9,18.7,38.0,17.5,21.8,17.3,19.0,0,53
21:32:07,1769031127.3560584,56.1,2.9,11.9,44.0,10.0,13.9,13.3,12.2,0,53
21:32:08,1769031128.3570194,66.3,2.9,7.2,37.0,8.0,7.0,6.1,6.9,0,53
21:32:09,1769031129.3572075,56.4,2.8,17.0,37.0,21.0,15.3,17.2,13.0,0,53
21:32:10,1769031130.3581865,67.5,2.9,16.8,40.0,13.5,18.6,17.3,18.4,0,53
21:32:11,1769031131.3586166,54.1,2.9,9.5,40.0,10.9,7.1,10.8,10.0,0,53
21:32:12,1769031132.3596158,67.5,2.9,13.1,39.0,13.0,12.5,15.2,12.0,0,53
21:32:13,1769031133.3605962,61.9,2.9,20.1,39.0,18.8,15.2,23.7,22.4,0,53
21:32:14,1769031134.3611636,65.4,2.9,17.0,45.0,12.2,15.8,18.2,22.0,0,53
21:32:15,1769031135.3617585,58.4,2.9,3.3,39.0,4.0,3.0,4.0,3.0,0,53
21:32:16,1769031136.362514,67.9,3.1,17.4,39.0,21.2,17.2,17.0,12.5,0,53
21:32:17,1769031137.3634593,66.2,2.9,18.3,39.0,14.3,18.2,21.2,19.8,0,53
21:32:18,1769031138.3643801,62.3,3.2,14.4,43.0,17.6,13.7,15.5,12.0,0,53
21:32:19,1769031139.365224,59.8,3.0,9.8,43.0,9.0,8.1,10.9,11.1,0,53
21:32:20,1769031140.3654974,66.2,2.9,17.0,39.0,12.5,13.5,17.2,22.2,0,53
21:32:21,1769031141.3665502,69.0,2.8,16.7,39.0,15.5,20.8,15.8,16.2,0,53
21:32:22,1769031142.367489,56.3,2.9,8.3,42.0,7.1,7.0,10.0,8.1,0,53
21:32:23,1769031143.3684566,64.7,2.9,11.4,42.0,7.1,8.0,12.5,18.0,0,53
21:32:24,1769031144.3694253,64.4,2.9,15.8,38.0,13.4,19.4,14.1,16.3,0,53
21:32:25,1769031145.3694363,66.7,2.8,16.1,43.0,13.1,18.0,18.2,16.0,0,53
21:32:26,1769031146.3704112,54.6,2.9,6.3,43.0,6.1,7.1,4.0,8.2,0,53
21:32:27,1769031147.3713768,67.9,2.8,15.3,38.0,8.2,17.0,18.6,15.8,0,53
21:32:28,1769031148.3717868,59.8,2.8,15.5,38.0,18.8,15.3,15.5,15.0,0,53
21:32:29,1769031149.3727045,66.0,2.8,13.6,43.0,12.9,10.2,17.2,12.2,0,53
21:32:30,1769031150.3732183,53.9,2.8,9.3,39.0,12.9,5.1,8.0,12.1,0,53
21:32:31,1769031151.3741941,68.8,2.9,15.4,39.0,16.5,18.0,15.0,12.1,0,53
21:32:32,1769031152.375133,56.1,2.9,19.5,39.0,17.5,16.3,24.0,20.2,0,53
21:32:33,1769031153.3760467,64.8,2.8,8.0,41.0,8.9,8.1,7.0,6.9,0,53
21:32:34,1769031154.3770332,58.5,2.9,13.7,41.0,10.9,11.1,20.0,13.0,0,53
21:32:35,1769031155.3772073,67.4,2.8,15.8,38.0,18.0,18.2,15.2,11.9,0,53
21:32:36,1769031156.3781242,52.9,2.9,17.7,44.0,17.0,18.0,20.0,16.2,0,53
21:32:37,1769031157.3791025,58.4,2.9,5.1,44.0,7.0,4.0,6.2,4.1,0,53
21:32:38,1769031158.380045,62.3,2.9,22.4,40.0,28.6,22.7,20.2,17.3,0,53
21:32:39,1769031159.3810396,65.9,2.9,13.9,38.0,13.7,8.2,16.2,18.4,0,53
21:32:40,1769031160.3811808,57.2,2.8,13.9,43.0,11.1,17.5,13.1,14.0,0,53
21:32:41,1769031161.3821433,54.9,2.9,8.4,43.0,7.1,7.1,7.1,10.2,0,53
21:32:42,1769031162.3831446,68.9,3.1,16.5,38.0,17.0,17.3,19.2,12.1,0,53
21:32:43,1769031163.3840559,61.1,2.9,16.2,38.0,15.3,14.1,15.3,20.4,0,53
21:32:44,1769031164.3850014,59.3,3.0,10.0,41.0,9.8,9.9,13.9,7.0,0,53
21:32:45,1769031165.3851988,57.7,2.9,14.5,41.0,19.6,10.4,15.2,13.0,0,53
21:32:46,1769031166.3854198,67.9,2.9,18.1,40.0,18.4,18.8,19.0,15.8,0,53
21:32:47,1769031167.3855221,57.8,2.9,14.3,40.0,16.8,11.1,15.3,14.9,0,53
21:32:48,1769031168.3864956,64.8,3.0,4.8,38.0,4.1,3.0,8.0,5.1,0,53
21:32:49,1769031169.3874948,56.6,2.9,15.8,38.0,19.2,17.3,11.3,13.9,0,53
21:32:50,1769031170.3875642,67.6,2.9,16.6,38.0,18.8,16.3,13.5,18.2,0,53
21:32:51,1769031171.388515,53.5,2.8,11.4,43.0,9.1,10.2,13.0,13.1,0,53
21:32:52,1769031172.3892283,67.3,3.0,11.5,38.0,15.7,7.9,8.2,14.1,0,53
21:32:53,1769031173.390161,61.3,2.9,16.3,38.0,25.5,15.3,11.5,11.6,0,53
21:32:54,1769031174.3910894,65.7,2.9,16.7,40.0,14.3,15.8,14.7,23.3,0,53
21:32:55,1769031175.392021,54.8,2.9,5.6,40.0,6.1,4.2,5.1,6.1,0,53
21:32:56,1769031176.3925176,68.6,2.9,14.8,38.0,10.9,13.6,24.5,11.8,0,53
21:32:57,1769031177.3932247,64.6,2.8,17.2,38.0,16.5,15.0,19.4,17.8,0,53
21:32:58,1769031178.3937762,64.5,2.8,17.7,38.0,13.7,14.7,19.8,22.2,0,53
21:32:59,1769031179.3947487,56.9,2.9,5.3,37.0,5.1,7.0,4.1,5.1,0,53
21:33:00,1769031180.3957279,68.3,2.9,16.4,38.0,20.2,20.2,11.2,13.0,0,53
21:33:01,1769031181.3966706,67.3,2.9,16.7,38.0,18.0,19.2,15.5,12.2,0,53
21:33:02,1769031182.3971677,58.8,2.9,12.6,45.0,14.7,12.7,13.7,12.6,0,53
21:33:03,1769031183.3980966,62.1,2.9,5.9,45.0,7.3,4.1,4.2,7.2,0,53
21:33:04,1769031184.3990648,67.1,2.9,20.7,38.0,16.3,26.7,17.3,22.4,0,53
21:33:05,1769031185.3991988,70.2,2.8,17.5,38.0,16.2,15.3,22.5,14.3,0,53
21:33:06,1769031186.4001052,54.9,2.9,8.3,42.0,9.1,7.1,8.2,10.7,0,53
21:33:07,1769031187.4011283,66.2,2.8,14.4,42.0,12.0,12.0,18.4,13.5,0,53
21:33:08,1769031188.4011917,61.5,2.9,16.6,38.0,14.7,16.2,19.8,17.3,0,53
21:33:09,1769031189.40142,67.5,2.9,14.8,38.0,16.0,16.3,11.1,15.8,0,53
21:33:10,1769031190.402352,53.8,2.9,5.1,38.0,4.1,6.1,3.1,6.1,0,53
21:33:11,1769031191.40335,67.7,2.9,16.2,38.0,16.8,18.0,16.7,12.1,0,53
21:33:12,1769031192.4043124,57.0,2.9,18.1,39.0,21.4,16.8,18.2,17.0,0,53
21:33:13,1769031193.405169,66.5,2.9,11.2,39.0,12.2,10.1,16.2,7.1,0,53
21:33:14,1769031194.4061518,56.6,2.8,11.7,37.0,11.8,10.9,8.9,12.7,0,53
21:33:15,1769031195.4071348,66.7,2.9,16.3,37.0,15.2,18.2,18.4,15.3,0,53
21:33:16,1769031196.4072952,54.3,2.8,17.4,39.0,20.0,12.4,14.3,21.2,0,53
21:33:17,1769031197.4082246,60.4,2.8,6.9,39.0,8.1,5.1,10.1,7.1,0,53
21:33:18,1769031198.409239,61.1,2.9,13.4,38.0,9.9,13.9,9.0,19.0,0,53
21:33:19,1769031199.4101858,66.7,2.9,15.2,38.0,17.5,10.4,17.8,14.7,0,53
21:33:20,1769031200.4111278,54.9,2.9,15.5,43.0,15.3,14.1,21.0,13.1,0,53
21:33:21,1769031201.4120827,56.3,2.9,6.9,43.0,5.9,6.0,6.0,7.9,0,53
21:33:22,1769031202.4130664,65.6,2.8,16.2,38.0,15.0,19.8,16.2,14.3,0,53
21:33:23,1769031203.4132233,63.4,2.9,17.6,38.0,13.0,18.6,20.8,17.2,0,53
21:33:24,1769031204.4141707,58.2,2.9,11.8,43.0,12.9,8.2,14.0,11.0,0,53
21:33:25,1769031205.4151618,53.5,2.9,10.8,43.0,11.1,7.1,15.0,11.1,0,53
21:33:26,1769031206.4153318,67.5,2.8,15.8,38.0,16.2,11.5,13.3,21.4,0,53
21:33:27,1769031207.416305,59.3,2.9,17.8,38.0,15.0,17.0,16.0,24.0,0,53
21:33:28,1769031208.4171941,62.7,2.9,8.3,42.0,6.1,9.8,8.1,8.9,0,53
21:33:29,1769031209.4181757,55.4,2.9,14.1,38.0,14.9,14.7,12.2,13.9,0,53
21:33:30,1769031210.4191625,68.1,2.9,20.6,39.0,27.3,19.0,22.3,14.1,0,53
21:33:31,1769031211.4200196,54.6,2.9,15.5,39.0,19.6,13.1,14.9,15.2,0,53
21:33:32,1769031212.42099,68.1,2.9,9.3,39.0,7.1,10.9,10.0,9.1,0,53
21:33:33,1769031213.4212089,59.5,2.9,17.0,39.0,19.8,10.9,23.5,13.6,0,53
21:33:34,1769031214.422132,67.4,2.8,14.9,39.0,12.5,22.2,13.3,12.2,0,53
21:33:35,1769031215.423074,54.2,2.9,11.1,43.0,12.1,8.0,14.0,10.3,0,53
21:33:36,1769031216.4233422,67.8,2.9,12.2,43.0,10.0,13.1,11.9,13.0,0,53
21:33:37,1769031217.424333,64.7,2.9,16.5,38.0,20.4,17.8,13.1,13.9,0,53
21:33:38,1769031218.425221,65.4,2.9,17.1,38.0,22.2,11.3,13.5,20.6,0,53
21:33:39,1769031219.4254477,55.9,2.9,6.1,43.0,6.0,9.0,7.0,7.1,0,53
21:33:40,1769031220.4261668,68.6,2.9,16.5,43.0,13.9,17.0,17.5,16.2,0,53
21:33:41,1769031221.427131,67.2,2.9,14.4,39.0,15.0,16.5,11.5,12.0,0,53
21:33:42,1769031222.4280481,59.6,2.9,14.5,39.0,19.6,11.2,14.1,15.2,0,53
21:33:43,1769031223.4290245,61.4,3.0,7.0,38.0,10.0,5.1,6.0,5.1,0,53
21:33:44,1769031224.4291923,65.9,2.9,16.5,38.0,15.8,12.2,21.4,17.8,0,53
21:33:45,1769031225.430163,68.1,2.9,16.8,39.0,13.5,19.4,14.1,20.2,0,53
21:33:46,1769031226.430633,55.4,2.8,11.2,43.0,6.1,13.7,9.8,15.0,0,53
21:33:47,1769031227.4316156,66.2,2.9,12.2,43.0,8.1,16.3,15.0,8.3,0,53
21:33:48,1769031228.4319239,57.7,2.9,18.0,39.0,13.4,18.4,17.2,25.2,0,53
21:33:49,1769031229.4328315,66.9,2.9,15.2,39.0,15.2,12.4,19.2,13.3,0,53
21:33:50,1769031230.433219,53.8,2.8,6.8,43.0,4.0,6.1,9.9,6.1,0,53
21:33:51,1769031231.434172,68.4,3.0,14.2,43.0,19.0,14.0,12.4,12.4,0,53
21:33:52,1769031232.4351747,58.6,2.9,16.2,39.0,19.4,10.3,14.9,20.0,0,53
21:33:53,1769031233.436116,65.4,2.9,14.1,39.0,9.2,20.6,11.8,14.4,0,53
21:33:54,1769031234.4370914,54.9,2.8,7.6,39.0,10.1,7.9,6.3,3.1,0,53
21:33:55,1769031235.4372523,67.5,2.8,16.6,39.0,17.3,20.4,12.2,18.8,0,53
21:33:56,1769031236.4382267,54.7,2.9,22.3,42.0,19.6,22.0,25.0,21.8,0,53
21:33:57,1769031237.4388022,61.1,2.9,10.6,42.0,7.1,7.1,12.0,13.4,0,53
21:33:58,1769031238.439816,62.7,2.8,11.0,37.0,14.6,9.9,10.0,11.7,0,53
21:33:59,1769031239.4407625,66.7,2.8,16.6,37.0,19.6,17.0,17.3,14.0,0,53
21:34:00,1769031240.441178,53.4,2.8,18.0,40.0,18.0,18.2,17.0,17.3,0,53
21:34:01,1769031241.4421508,56.7,2.9,6.5,40.0,5.1,7.0,6.9,5.9,0,53
21:34:02,1769031242.4424624,63.7,2.9,18.0,40.0,19.6,21.4,15.0,17.0,0,53
21:34:03,1769031243.4434652,64.6,2.9,18.9,39.0,15.0,19.4,18.8,22.0,0,53
21:34:04,1769031244.4443944,66.6,2.9,11.5,39.0,13.1,13.4,11.2,10.2,0,53
21:34:05,1769031245.4452426,54.0,3.0,6.8,37.0,8.0,5.0,6.1,4.0,0,53
21:34:06,1769031246.4462297,67.4,2.9,17.0,39.0,15.7,15.8,21.0,18.0,0,53
21:34:07,1769031247.4471855,60.1,2.8,18.3,39.0,12.1,23.0,20.0,16.2,0,53
21:34:08,1769031248.4473808,67.3,2.9,10.6,43.0,8.2,10.2,7.1,16.8,0,53
21:34:09,1769031249.4483817,54.7,2.8,12.0,43.0,10.1,11.9,17.0,11.0,0,53
21:34:10,1769031250.4492323,66.5,2.8,17.8,38.0,16.2,18.2,15.2,20.2,0,53
21:34:11,1769031251.4498258,56.1,2.9,16.2,38.0,14.9,18.2,18.2,14.1,0,53
21:34:12,1769031252.4508154,62.6,2.9,4.5,42.0,3.0,5.0,5.0,4.0,0,53
21:34:13,1769031253.4517975,58.0,2.8,14.3,42.0,14.3,11.3,16.5,15.0,0,53
21:34:14,1769031254.4519005,67.9,2.8,18.3,39.0,14.7,21.2,22.8,13.9,0,53
21:34:15,1769031255.4528365,53.7,2.8,14.5,39.0,13.9,17.3,14.0,14.4,0,53
21:34:16,1769031256.4537964,67.4,2.9,9.9,39.0,10.9,9.8,9.0,8.9,0,53
21:34:17,1769031257.4547145,62.7,2.8,17.2,39.0,16.2,18.8,12.4,22.2,0,52
21:34:18,1769031258.4556894,65.2,2.9,17.3,39.0,19.2,18.0,18.6,12.1,0,53
21:34:19,1769031259.4562895,56.1,2.9,8.1,39.0,9.0,10.1,7.2,7.1,0,53
21:34:20,1769031260.45727,67.6,2.8,10.1,38.0,17.8,7.2,9.0,5.1,0,53
21:34:21,1769031261.458206,66.7,2.9,17.5,38.0,21.0,20.8,12.0,15.8,0,53
21:34:22,1769031262.4585524,61.7,2.9,17.0,40.0,14.4,18.8,13.3,23.0,0,53
21:34:23,1769031263.4595306,59.6,2.8,11.7,40.0,12.0,11.1,12.0,11.0,0,53
21:34:24,1769031264.4604654,67.0,2.9,17.1,38.0,13.9,16.0,21.4,19.0,0,53
21:34:25,1769031265.461236,67.8,2.9,16.6,39.0,17.6,16.0,17.8,13.1,0,53
21:34:26,1769031266.4621391,56.7,2.9,13.2,39.0,11.3,11.0,18.0,14.0,0,53
21:34:27,1769031267.463117,63.6,2.9,9.9,38.0,10.0,11.0,9.9,7.8,0,53
21:34:28,1769031268.4640856,57.1,2.9,15.4,38.0,21.2,12.4,14.3,13.5,0,53
21:34:29,1769031269.4643025,68.2,2.9,17.1,39.0,14.0,16.5,25.2,12.1,0,52
21:34:30,1769031270.465178,54.0,2.9,10.1,39.0,7.1,11.1,9.1,12.2,0,52
21:34:31,1769031271.4661489,66.9,2.8,12.4,38.0,6.2,8.2,18.2,17.0,0,52
21:34:32,1769031272.4671395,58.8,2.9,17.8,38.0,14.0,22.5,18.0,16.3,0,53
21:34:33,1769031273.4680297,66.2,2.8,15.2,38.0,14.3,13.3,15.0,17.5,0,53
21:34:34,1769031274.4690025,54.7,2.9,6.3,39.0,8.2,6.0,5.1,6.9,0,52
21:34:35,1769031275.469218,67.9,2.9,13.7,39.0,16.2,11.2,16.5,11.2,0,52
21:34:36,1769031276.470162,55.0,2.9,17.2,39.0,18.0,12.1,22.1,15.5,0,53
21:34:37,1769031277.4708228,62.9,2.9,13.6,39.0,11.1,15.2,9.2,18.0,0,53
21:34:38,1769031278.4717824,59.7,2.9,11.0,38.0,11.9,13.7,8.1,11.1,0,53
21:34:39,1769031279.4727712,66.0,2.8,16.3,38.0,15.0,15.0,18.6,17.3,0,52
21:34:40,1769031280.4737186,67.6,2.8,16.5,38.0,14.4,15.3,16.0,18.9,0,52
21:34:41,1769031281.4740942,57.4,2.9,9.1,43.0,14.9,7.1,5.1,10.9,0,52
21:34:42,1769031282.4750488,63.4,2.9,13.7,40.0,12.0,15.5,16.5,10.8,0,52
21:34:43,1769031283.4759848,65.3,2.8,14.2,40.0,16.5,13.4,14.4,13.7,0,52
21:34:44,1769031284.4768918,55.7,3.0,17.2,44.0,13.4,19.2,16.2,19.2,0,53
21:34:45,1769031285.4772344,55.5,2.9,4.8,38.0,3.0,5.9,6.9,3.1,0,52
21:34:46,1769031286.4781861,67.7,2.9,16.9,38.0,19.2,16.8,16.0,14.6,0,52
21:34:47,1769031287.4787395,60.5,2.9,15.4,39.0,18.6,10.3,16.5,17.2,0,52
21:34:48,1769031288.4796562,61.0,2.9,14.5,42.0,9.2,14.0,14.9,19.8,0,53
21:34:49,1769031289.4806316,54.8,2.8,15.9,42.0,17.8,12.4,17.3,15.2,0,52
21:34:50,1769031290.481213,67.8,2.9,17.8,38.0,16.5,19.4,18.8,17.8,0,52
21:34:51,1769031291.4819303,58.1,2.9,15.3,38.0,19.4,12.4,14.3,15.3,0,52
21:34:52,1769031292.4825652,64.4,2.9,7.9,41.0,6.1,11.1,7.2,5.2,0,52
21:34:53,1769031293.4835694,57.3,2.9,12.7,38.0,14.7,13.1,11.0,12.9,0,52
21:34:54,1769031294.4845674,68.2,2.9,15.8,38.0,19.8,18.0,13.1,12.0,0,52
21:34:55,1769031295.485178,52.9,2.9,17.0,44.0,16.2,18.4,18.2,16.5,0,52
21:34:56,1769031296.486155,61.8,2.9,6.5,44.0,5.9,8.9,5.1,6.9,0,52
21:34:57,1769031297.4863293,61.1,2.8,18.4,39.0,13.0,21.8,17.0,20.2,0,52
21:34:58,1769031298.4873009,66.2,2.9,14.9,39.0,19.8,13.9,18.0,8.2,0,52
21:34:59,1769031299.4882133,54.4,2.9,12.3,39.0,10.2,13.0,10.0,16.3,0,52
21:35:00,1769031300.4891937,55.2,2.9,8.8,38.0,11.8,9.1,4.1,10.0,0,52
21:35:01,1769031301.4892514,66.5,2.9,15.8,38.0,12.1,18.8,18.6,13.9,0,52
21:35:02,1769031302.4897373,62.4,2.8,17.7,38.0,19.2,16.2,16.5,20.0,0,52
21:35:03,1769031303.4906456,57.3,2.9,8.3,41.0,9.0,10.1,5.1,8.2,0,52
21:35:04,1769031304.491613,67.5,2.9,15.2,38.0,14.1,13.1,13.0,19.6,0,52
21:35:05,1769031305.492591,67.5,2.9,17.3,38.0,15.2,20.0,17.3,16.8,0,52
21:35:06,1769031306.4931843,58.0,2.9,15.2,38.0,18.2,12.2,14.3,15.2,0,52
21:35:07,1769031307.4941955,62.8,2.8,4.2,37.0,5.9,5.0,2.0,5.0,0,52
21:35:08,1769031308.4951684,66.6,2.8,16.8,38.0,12.4,22.5,16.8,16.0,0,52
21:35:09,1769031309.496116,67.6,2.9,16.7,38.0,16.3,17.7,13.4,18.4,0,52
21:35:10,1769031310.4970329,54.1,2.8,12.6,44.0,18.0,9.1,7.1,17.0,0,52
21:35:11,1769031311.4972346,66.3,2.9,10.6,39.0,8.8,9.0,7.0,17.6,0,52
21:35:12,1769031312.498197,59.0,2.9,17.3,39.0,11.5,24.7,15.2,17.0,0,52
21:35:13,1769031313.499119,65.7,2.9,16.2,40.0,16.2,14.0,14.7,20.6,0,52
21:35:14,1769031314.5000553,54.0,2.9,6.8,42.0,5.9,6.1,5.1,9.9,0,52
21:35:15,1769031315.5010448,68.6,2.9,19.0,42.0,15.3,17.5,22.2,20.0,0,53
21:35:16,1769031316.50202,66.0,3.0,17.6,38.0,21.2,15.0,20.6,14.4,0,52
21:35:17,1769031317.5021133,65.4,2.9,17.4,38.0,16.5,22.4,14.4,16.3,0,52
21:35:18,1769031318.5031056,57.5,2.8,8.2,39.0,8.9,8.9,8.8,7.1,0,52
21:35:19,1769031319.5040803,67.4,2.9,18.1,39.0,20.0,17.0,16.2,19.0,0,52
21:35:20,1769031320.5050392,54.0,2.8,16.1,40.0,24.0,11.3,16.3,12.9,0,52
21:35:21,1769031321.5051825,58.6,2.9,10.6,43.0,10.1,11.0,10.9,11.0,0,52
21:35:22,1769031322.5061483,61.9,2.9,8.8,39.0,7.1,8.0,9.7,10.3,0,52
21:35:23,1769031323.5070884,66.3,2.9,16.4,39.0,15.2,15.0,13.3,19.4,0,52
21:35:24,1769031324.508045,67.4,2.9,17.2,39.0,17.2,12.4,23.3,16.3,0,52
21:35:25,1769031325.5083637,55.6,2.8,7.7,39.0,8.2,7.1,7.4,7.2,0,52
21:35:26,1769031326.509244,64.5,2.8,13.9,37.0,13.4,11.9,13.4,16.0,0,52
21:35:27,1769031327.510211,63.2,2.9,17.7,37.0,15.8,18.8,17.2,21.2,0,52
21:35:28,1769031328.5103152,67.0,2.8,16.9,43.0,16.3,12.7,18.6,18.3,0,52
21:35:29,1769031329.5112588,52.9,2.9,3.3,43.0,4.1,5.1,3.1,3.0,0,52
21:35:30,1769031330.5122085,68.7,2.9,17.8,37.0,25.3,15.5,17.0,11.2,0,52
21:35:31,1769031331.5128062,58.2,2.9,17.0,39.0,19.2,16.0,15.5,17.8,0,52
21:35:32,1769031332.5131884,62.1,2.9,13.9,39.0,15.2,16.2,10.0,16.0,0,52
21:35:33,1769031333.5141683,55.6,2.9,9.6,39.0,11.0,6.3,8.1,10.9,0,52
21:35:34,1769031334.51514,67.1,2.9,16.5,38.0,18.0,17.5,14.1,16.3,0,52
21:35:35,1769031335.516087,54.8,2.9,16.4,38.0,20.0,15.2,12.2,20.4,0,52
21:35:36,1769031336.5169969,60.5,2.9,7.6,42.0,6.1,9.2,10.0,2.1,0,52
21:35:37,1769031337.5172074,59.9,2.9,11.9,42.0,12.1,11.0,8.2,16.5,0,52
21:35:38,1769031338.5181875,67.6,2.9,16.8,39.0,14.1,21.0,15.0,16.8,0,52
21:35:39,1769031339.5190856,53.7,2.8,16.3,39.0,8.3,23.0,19.2,14.3,0,52
21:35:40,1769031340.520096,64.5,2.9,6.8,38.0,6.8,4.9,5.8,10.6,0,52
21:35:41,1769031341.5210106,64.5,2.9,24.3,38.0,19.4,25.8,28.6,23.5,0,52
21:35:42,1769031342.5212102,63.5,2.8,17.2,39.0,17.3,14.1,23.0,14.3,0,52
21:35:43,1769031343.5221481,58.4,2.8,9.6,43.0,10.1,8.1,8.1,14.0,0,52
21:35:44,1769031344.5231276,68.1,2.9,10.1,38.0,11.0,8.0,10.1,10.2,0,52
21:35:45,1769031345.5240726,68.1,2.9,16.7,38.0,12.1,23.0,17.3,14.0,0,52
21:35:46,1769031346.5244431,59.7,2.9,18.1,39.0,13.3,19.8,17.3,20.2,0,52
21:35:47,1769031347.525186,55.5,2.8,7.7,43.0,9.0,9.1,4.0,8.1,0,52
21:35:48,1769031348.5261683,68.3,2.9,15.2,38.0,16.8,14.0,17.6,12.1,0,52
21:35:49,1769031349.5271127,54.9,2.8,17.0,38.0,18.8,12.7,15.4,22.4,0,52
21:35:50,1769031350.5280106,66.6,2.9,14.3,42.0,16.2,14.0,14.0,12.0,0,52
21:35:51,1769031351.5289416,57.7,2.9,6.5,42.0,9.0,7.1,5.1,7.0,0,52
21:35:52,1769031352.5295126,67.0,2.9,14.8,37.0,18.0,13.3,17.3,10.4,0,52
21:35:53,1769031353.5304694,54.5,2.9,16.8,37.0,15.3,18.4,16.5,15.5,0,52
21:35:54,1769031354.5313756,68.0,2.9,12.4,42.0,10.1,14.0,11.0,13.9,0,52
21:35:55,1769031355.532337,63.6,2.9,10.2,42.0,11.9,11.1,7.3,12.1,0,52
21:35:56,1769031356.5331972,64.6,2.9,17.1,39.0,14.0,24.2,14.1,16.7,0,52
21:35:57,1769031357.5337393,55.9,2.9,17.2,39.0,21.8,16.8,11.0,18.4,0,52
21:35:58,1769031358.5347128,67.5,2.8,7.8,39.0,12.1,7.0,6.0,6.1,0,52
21:35:59,1769031359.535636,53.6,2.9,14.5,37.0,13.9,20.6,13.0,9.7,0,52
21:36:00,1769031360.536588,60.5,2.8,15.8,37.0,23.5,15.3,13.4,11.6,0,52
21:36:01,1769031361.5371687,61.0,2.9,14.6,44.0,16.2,17.8,12.0,11.3,0,52
21:36:02,1769031362.5381615,65.7,2.8,9.8,44.0,8.2,10.1,10.0,11.9,0,52
21:36:03,1769031363.5384986,55.3,2.9,15.8,38.0,20.8,16.0,18.8,8.2,0,52
21:36:04,1769031364.5394418,55.8,2.9,16.2,39.0,23.5,11.2,16.5,11.0,0,52
21:36:05,1769031365.540362,65.6,2.9,9.9,39.0,6.2,10.1,13.1,11.2,0,52
21:36:06,1769031366.541235,63.0,2.9,17.3,40.0,14.9,21.4,19.6,11.2,0,52
21:36:07,1769031367.5416317,68.9,2.9,17.0,39.0,16.8,17.8,16.7,19.2,0,52
21:36:08,1769031368.5418737,54.9,2.9,16.8,39.0,19.8,13.3,14.3,18.0,0,52
21:36:09,1769031369.5428789,68.6,2.9,4.1,43.0,3.1,5.1,2.1,6.1,0,52
21:36:10,1769031370.5435176,57.8,2.9,14.9,37.0,14.7,13.4,19.0,14.1,0,52
21:36:11,1769031371.5444634,65.0,2.9,16.8,37.0,15.2,17.6,17.8,14.0,0,52
21:36:12,1769031372.5451775,54.7,2.9,14.4,37.0,15.3,14.3,12.5,15.3,0,52
21:36:13,1769031373.5461457,67.8,2.9,7.8,38.0,8.1,8.1,9.9,8.1,0,52
21:36:14,1769031374.547122,54.3,2.9,16.5,38.0,15.8,23.5,14.4,11.5,0,52
21:36:15,1769031375.5480828,61.4,2.9,14.3,38.0,12.4,10.2,22.2,14.1,0,52
21:36:16,1769031376.548982,60.0,2.9,11.5,43.0,9.8,13.6,10.9,9.9,0,52
21:36:17,1769031377.549208,66.9,2.9,11.9,43.0,11.0,13.4,15.2,8.2,0,52
21:36:18,1769031378.5501635,54.1,2.9,15.7,38.0,19.2,15.0,15.2,13.4,0,52
21:36:19,1769031379.5510774,56.8,2.9,16.6,38.0,18.8,8.2,19.4,20.4,0,52
21:36:20,1769031380.5520496,64.0,2.8,6.6,40.0,6.1,6.1,6.2,8.0,0,52
21:36:21,1769031381.5530043,65.0,2.9,16.1,38.0,12.0,17.0,19.2,16.0,0,52
21:36:22,1769031382.5539753,55.7,2.9,15.9,38.0,12.7,14.3,19.8,17.8,0,52
21:36:23,1769031383.5548751,55.0,2.9,15.2,38.0,14.1,11.0,17.2,15.8,0,52
21:36:24,1769031384.5558622,68.2,2.8,9.3,38.0,10.0,8.7,7.8,11.5,0,52
21:36:25,1769031385.5559647,59.4,2.8,15.2,38.0,19.0,17.2,13.0,11.5,0,52
21:36:26,1769031386.5569165,59.8,2.9,17.3,39.0,11.5,20.6,20.0,16.2,0,52
21:36:27,1769031387.557194,54.9,2.9,9.0,39.0,8.1,12.0,10.2,7.2,0,52
21:36:28,1769031388.5581827,67.1,2.8,13.2,37.0,12.0,14.3,12.1,12.6,0,52
21:36:29,1769031389.5591404,55.6,2.9,17.1,37.0,18.0,14.9,16.3,19.2,0,52
21:36:30,1769031390.5600424,65.0,2.8,15.7,41.0,12.5,12.1,24.5,13.1,0,52
21:36:31,1769031391.5610116,59.1,2.9,3.3,41.0,6.0,2.0,2.0,3.1,0,52
21:36:32,1769031392.561214,67.1,2.9,17.0,39.0,16.0,20.2,20.2,14.1,0,52
21:36:33,1769031393.5621967,53.6,2.9,21.1,39.0,23.0,19.6,19.0,21.0,0,52
21:36:34,1769031394.5631151,70.9,2.8,12.4,43.0,11.1,12.2,13.0,13.1,0,52
21:36:35,1769031395.5641055,63.3,2.9,10.9,38.0,9.0,10.9,12.9,11.8,0,52
21:36:36,1769031396.5650613,65.1,2.8,18.5,38.0,15.0,20.0,20.2,19.2,0,52
21:36:37,1769031397.5654242,56.6,2.9,14.9,39.0,11.1,19.2,11.3,16.0,0,52
21:36:38,1769031398.5663562,67.0,2.9,9.7,43.0,11.7,9.9,9.1,10.8,0,52
21:36:39,1769031399.5671296,66.6,2.8,11.0,43.0,12.2,8.2,13.1,10.3,0,52
21:36:40,1769031400.568128,59.8,2.9,16.8,38.0,10.2,18.4,17.3,20.2,0,52
21:36:41,1769031401.5690439,60.4,2.9,16.7,38.0,11.2,22.4,16.0,16.3,0,52
21:36:42,1769031402.5700295,66.7,2.9,6.5,38.0,6.0,7.9,6.0,7.0,0,52
21:36:43,1769031403.570998,66.9,2.9,18.1,38.0,16.2,17.8,21.0,17.3,0,52
21:36:44,1769031404.5718365,56.2,3.0,16.8,39.0,13.0,17.6,14.1,20.6,0,52
21:36:45,1769031405.5727494,65.2,2.9,10.7,44.0,8.1,11.3,13.1,11.1,0,52
21:36:46,1769031406.5732355,63.3,2.9,7.7,44.0,6.1,10.1,8.2,8.2,0,52
21:36:47,1769031407.5735006,57.2,2.9,17.6,38.0,17.0,20.4,15.5,15.7,0,52
21:36:48,1769031408.574477,54.3,2.9,18.9,38.0,16.2,19.2,20.4,20.0,0,52
21:36:49,1769031409.5753877,67.7,3.0,6.9,44.0,5.1,8.1,8.1,5.3,0,52
21:36:50,1769031410.5763724,57.8,2.9,15.2,38.0,19.4,15.2,12.9,12.1,0,52
21:36:51,1769031411.5772724,64.9,2.8,16.1,38.0,11.2,14.3,21.4,19.4,0,52
21:36:52,1769031412.5776248,56.1,2.8,14.7,38.0,15.8,14.1,17.0,13.0,0,52
21:36:53,1769031413.5781937,68.5,2.9,5.1,38.0,4.0,6.0,6.1,6.0,0,52
21:36:54,1769031414.5791593,54.1,2.9,17.1,39.0,16.2,19.8,12.9,17.8,0,52
21:36:55,1769031415.5799565,61.0,2.8,18.0,39.0,16.3,14.4,22.2,19.2,0,52
21:36:56,1769031416.5809116,59.3,2.8,12.5,42.0,8.3,13.0,12.7,14.1,0,52
21:36:57,1769031417.58122,66.6,2.8,12.2,38.0,11.8,10.9,12.9,13.0,0,52
21:36:58,1769031418.58222,54.0,2.9,18.1,38.0,17.6,17.3,21.2,18.8,0,52
21:36:59,1769031419.5851777,56.0,2.9,19.9,42.0,22.5,15.0,19.8,19.6,0,52
21:37:00,1769031420.5861733,67.9,2.9,4.3,42.0,4.0,4.0,8.8,4.0,0,52
21:37:01,1769031421.5868714,63.0,2.9,14.6,39.0,19.0,13.9,13.1,11.2,0,52
21:37:02,1769031422.5870256,56.7,2.8,19.1,39.0,22.4,19.0,17.2,17.8,0,52
21:37:03,1769031423.5879438,53.5,3.0,14.6,42.0,17.0,12.0,13.4,15.8,0,52
21:37:04,1769031424.5889184,67.1,2.8,9.3,38.0,8.2,7.1,10.1,9.8,0,52
21:37:05,1769031425.5892322,59.1,2.9,18.0,38.0,21.4,17.5,21.6,13.0,0,52
21:37:06,1769031426.590174,61.6,2.9,15.6,38.0,14.4,17.2,17.5,11.5,0,52
21:37:07,1769031427.5910914,55.6,2.9,9.9,42.0,6.9,10.8,13.1,9.6,0,52
21:37:08,1769031428.592011,68.0,2.8,8.5,42.0,9.5,11.3,8.0,5.2,0,52
21:37:09,1769031429.5929918,55.1,2.9,17.4,38.0,13.3,16.0,28.0,14.1,0,52
21:37:10,1769031430.5931714,65.2,2.8,16.6,38.0,10.4,12.5,15.5,23.5,0,52
21:37:11,1769031431.593957,58.7,2.9,7.0,41.0,5.0,6.9,10.9,5.1,0,52
21:37:12,1769031432.594891,66.3,2.9,16.5,37.0,16.2,22.8,12.0,17.6,0,52
21:37:13,1769031433.595853,54.5,2.9,16.9,39.0,18.8,14.1,15.3,17.5,0,52
21:37:14,1769031434.5966558,67.6,2.9,12.3,39.0,12.1,11.1,13.3,14.4,0,52
21:37:15,1769031435.5976346,63.3,2.9,6.5,38.0,9.0,5.0,7.0,4.0,0,52
21:37:16,1769031436.5980828,65.6,2.9,16.6,38.0,18.0,18.4,13.3,17.0,0,52
21:37:17,1769031437.5990357,55.4,3.1,18.4,39.0,19.0,19.8,19.4,17.0,0,52
21:37:18,1769031438.5999672,67.4,3.0,11.9,39.0,9.9,15.3,14.9,7.2,0,52
21:37:19,1769031439.6009417,66.8,2.8,12.4,38.0,10.0,15.2,13.7,10.1,0,52
21:37:20,1769031440.6012177,60.5,2.9,17.4,38.0,17.5,13.7,16.3,21.0,0,52
21:37:21,1769031441.6021554,60.2,2.9,15.3,39.0,15.2,12.0,17.8,18.6,0,52
21:37:22,1769031442.6026149,66.7,2.9,5.3,39.0,7.1,4.0,4.0,4.0,0,52
21:37:23,1769031443.603539,67.5,2.9,14.6,37.0,12.1,12.0,19.8,13.0,0,52
21:37:24,1769031444.6045384,56.5,2.9,18.1,37.0,17.8,19.8,14.4,20.0,0,52
21:37:25,1769031445.6051877,63.8,2.9,15.5,43.0,17.2,18.4,15.2,11.1,0,52
21:37:26,1769031446.606126,64.1,2.9,13.3,43.0,13.0,14.1,12.1,15.0,0,52
21:37:27,1769031447.606623,66.9,3.0,17.3,39.0,14.3,14.3,14.0,28.0,0,52
21:37:28,1769031448.6076891,53.1,2.9,16.5,39.0,17.0,19.0,9.4,20.2,0,52
21:37:29,1769031449.6085093,67.8,2.9,10.1,41.0,13.9,10.9,7.0,8.0,0,52
21:37:30,1769031450.6091974,58.5,3.0,10.2,39.0,8.0,9.9,12.0,9.9,0,52
21:37:31,1769031451.6101887,66.8,2.9,16.8,39.0,20.6,18.8,17.2,11.3,0,52
21:37:32,1769031452.6110845,54.3,2.9,18.6,40.0,21.4,23.5,18.6,11.5,0,52
21:37:33,1769031453.6115386,67.3,2.9,4.9,40.0,6.1,5.2,5.0,4.0,0,52
21:37:34,1769031454.6125214,55.2,2.9,17.7,38.0,19.0,17.2,15.3,17.2,0,52
21:37:35,1769031455.6132085,62.3,2.9,17.3,38.0,14.0,20.4,23.0,11.3,0,52
21:37:36,1769031456.6141343,59.7,2.9,14.1,45.0,12.0,19.0,13.1,13.3,0,52
21:37:37,1769031457.6150823,68.1,2.9,8.0,39.0,5.9,12.0,5.1,7.9,0,52
21:37:38,1769031458.6160536,53.6,2.8,14.7,39.0,11.2,18.2,15.0,16.3,0,52
21:37:39,1769031459.6170003,58.0,2.8,17.3,39.0,12.2,22.4,20.6,12.0,0,52
21:37:40,1769031460.6171765,64.4,2.9,11.9,39.0,15.0,12.1,9.1,11.3,0,52
21:37:41,1769031461.6181846,65.8,2.9,13.4,37.0,16.5,13.0,10.1,14.0,0,52
21:37:42,1769031462.619168,56.2,2.9,15.1,38.0,17.3,16.2,14.1,13.4,0,52
21:37:43,1769031463.620086,52.5,2.9,15.8,45.0,18.2,12.9,17.3,14.3,0,52
21:37:44,1769031464.6210663,69.4,3.0,9.0,38.0,8.1,11.0,7.9,8.1,0,52
21:37:45,1769031465.6212125,61.1,2.8,15.3,38.0,20.4,14.4,9.4,17.8,0,52
21:37:46,1769031466.6221652,61.3,2.8,17.5,39.0,14.1,21.2,15.7,17.5,0,52
21:37:47,1769031467.622348,55.6,3.0,12.7,39.0,15.3,16.0,9.1,13.3,0,52
21:37:48,1769031468.6233358,68.3,2.9,9.2,38.0,6.2,10.0,10.1,10.3,0,52
21:37:49,1769031469.6243105,54.7,2.9,16.2,39.0,19.2,13.1,15.8,14.0,0,52
21:37:50,1769031470.625208,65.0,2.9,22.1,39.0,20.8,23.8,19.0,25.8,0,52
21:37:51,1769031471.6261733,57.8,2.8,8.1,43.0,6.1,5.2,7.1,14.7,0,52
21:37:52,1769031472.6269538,67.3,2.9,14.2,39.0,16.8,10.0,9.9,20.2,0,52
21:37:53,1769031473.6279273,53.7,2.9,16.6,38.0,20.6,16.8,15.5,12.6,0,52
21:37:54,1769031474.628807,66.8,2.8,15.2,38.0,16.0,15.6,12.8,16.7,0,52
21:37:55,1769031475.6292095,63.4,2.8,6.5,39.0,6.0,6.9,6.9,6.0,0,52
21:37:56,1769031476.6301413,64.6,2.9,15.4,39.0,19.2,14.1,13.3,13.7,0,52
21:37:57,1769031477.6311278,55.5,2.9,17.5,39.0,22.1,13.4,19.2,15.7,0,52
21:37:58,1769031478.6320271,67.3,2.9,12.9,39.0,9.2,16.3,15.8,10.3,0,52
21:37:59,1769031479.6330106,66.1,2.9,10.4,39.0,10.0,8.0,9.9,13.7,0,52
21:38:00,1769031480.6332462,60.4,2.9,17.0,39.0,19.8,16.8,16.3,16.2,0,52
21:38:01,1769031481.6341977,60.3,2.9,15.9,41.0,18.8,8.3,18.2,18.0,0,52
21:38:02,1769031482.6351178,66.6,2.9,10.9,42.0,10.9,9.0,9.1,13.6,0,52
21:38:03,1769031483.6361263,69.5,2.9,11.9,42.0,9.3,10.2,16.0,13.1,0,52
21:38:04,1769031484.63711,56.4,2.9,16.0,39.0,14.1,19.2,17.5,12.2,0,52
21:38:05,1769031485.6371727,64.9,2.9,16.8,39.0,22.2,16.8,14.6,13.3,0,52
21:38:06,1769031486.6372373,64.0,2.9,6.8,39.0,7.1,6.0,8.8,7.0,0,52
21:38:07,1769031487.6381872,67.8,2.9,17.6,39.0,20.0,16.7,15.5,17.3,0,52
21:38:08,1769031488.641257,53.9,2.9,14.9,39.0,17.7,14.0,12.5,15.3,0,52
21:38:09,1769031489.6419919,67.9,2.9,10.1,42.0,14.0,8.1,10.1,7.1,0,52
21:38:10,1769031490.6429722,58.6,2.9,8.6,38.0,8.0,10.1,9.0,10.9,0,52
21:38:11,1769031491.6439426,66.1,2.9,14.9,39.0,10.5,20.8,11.3,14.1,0,52
21:38:12,1769031492.6448874,54.6,2.9,16.8,39.0,21.6,17.2,14.4,13.8,0,52
21:38:13,1769031493.6451747,68.1,2.9,8.4,43.0,11.2,9.0,9.0,5.1,0,52
21:38:14,1769031494.6452444,55.9,2.9,15.4,38.0,20.4,12.2,11.1,16.0,0,52
21:38:15,1769031495.6462169,62.8,2.9,21.3,42.0,19.4,20.4,19.6,25.7,0,52
21:38:16,1769031496.6465893,61.7,2.9,13.5,42.0,13.0,14.1,15.5,12.2,0,52
21:38:17,1769031497.6475692,67.7,3.0,5.1,39.0,4.1,5.9,3.1,7.0,0,52
21:38:18,1769031498.6480322,53.8,2.9,17.1,39.0,22.0,17.2,12.1,14.4,0,52
21:38:19,1769031499.6490114,57.5,2.9,17.6,39.0,13.4,18.8,16.0,22.5,0,52
21:38:20,1769031500.6492913,62.6,2.8,13.0,39.0,13.0,11.9,14.1,13.9,0,52
21:38:21,1769031501.650266,65.4,2.8,9.6,37.0,10.1,9.2,6.1,12.2,0,52
21:38:22,1769031502.651261,55.5,2.9,17.5,37.0,26.0,20.0,13.4,11.3,0,52
21:38:23,1769031503.6522074,54.4,2.8,15.6,40.0,12.9,22.8,11.8,14.0,0,52
21:38:24,1769031504.6531289,67.8,2.9,5.3,40.0,2.0,7.2,5.1,7.9,0,52
21:38:25,1769031505.6532152,60.7,2.9,12.3,38.0,12.4,10.2,13.4,12.2,0,52
21:38:26,1769031506.6541655,59.4,2.8,17.7,38.0,15.2,18.8,20.8,17.0,0,52
21:38:27,1769031507.6550844,55.6,2.9,17.9,43.0,16.0,18.6,16.2,19.2,0,52
21:38:28,1769031508.6560643,67.1,2.9,6.0,39.0,7.1,8.8,6.9,5.1,0,52
21:38:29,1769031509.6569173,57.6,2.9,17.7,39.0,16.0,20.8,16.2,15.2,0,52
21:38:30,1769031510.6571963,63.6,2.9,17.7,39.0,16.0,19.0,15.2,21.4,0,52
21:38:31,1769031511.6579912,57.1,2.9,10.8,44.0,11.0,8.1,15.8,10.1,0,52
21:38:32,1769031512.6589494,67.4,2.8,8.3,44.0,7.1,7.1,10.0,8.1,0,52
21:38:33,1769031513.6599305,54.1,2.9,16.7,37.0,17.3,14.1,20.4,15.0,0,52
21:38:34,1769031514.660919,66.7,2.8,18.3,37.0,25.0,13.9,17.0,17.2,0,52
21:38:35,1769031515.661169,60.5,2.9,8.4,43.0,7.0,7.2,9.2,11.0,0,52
21:38:36,1769031516.662154,65.8,2.9,14.5,38.0,16.8,15.3,10.1,14.0,0,52
21:38:37,1769031517.6630907,55.0,2.9,16.9,38.0,18.4,14.1,13.1,24.0,0,52
21:38:38,1769031518.6640356,68.2,2.8,17.3,43.0,14.1,22.5,20.6,11.1,0,52
21:38:39,1769031519.6650355,64.9,2.9,3.2,43.0,2.0,1.0,3.0,4.0,0,52
21:38:40,1769031520.6652117,63.3,2.8,16.5,39.0,14.1,17.0,17.0,19.6,0,52
21:38:41,1769031521.6661878,57.0,2.8,21.8,39.0,26.3,19.0,20.8,20.6,0,52
21:38:42,1769031522.667104,69.3,2.9,12.8,39.0,17.0,13.9,13.7,8.2,0,52
21:38:43,1769031523.6675508,67.8,2.9,11.4,38.0,9.9,9.2,13.6,10.1,0,52
21:38:44,1769031524.6685407,58.8,2.9,17.7,38.0,17.2,14.1,14.4,26.8,0,52
21:38:45,1769031525.6691933,64.0,2.9,16.8,39.0,15.0,15.2,14.1,21.4,0,52
21:38:46,1769031526.6701279,65.4,2.8,6.1,39.0,8.1,5.1,5.2,6.9,0,52
21:38:47,1769031527.6705368,67.5,2.9,13.6,38.0,17.0,15.0,11.0,12.2,0,52
21:38:48,1769031528.6706195,55.6,2.9,17.4,38.0,16.2,17.2,14.1,21.4,0,52
21:38:49,1769031529.6715527,66.5,2.9,16.7,43.0,15.8,15.2,13.9,22.3,0,52
21:38:50,1769031530.6725297,60.6,2.8,8.0,37.0,8.1,10.0,6.1,6.1,0,52
21:38:51,1769031531.6732125,66.0,2.8,16.4,37.0,18.0,18.0,17.0,14.3,0,52
21:38:52,1769031532.6741798,54.5,2.8,17.0,38.0,16.3,17.8,13.3,19.4,0,52
21:38:53,1769031533.6747303,67.7,2.8,10.1,38.0,11.9,8.2,13.0,7.1,0,52
21:38:54,1769031534.6756852,55.4,2.8,9.7,38.0,9.1,10.6,8.0,11.0,0,52
21:38:55,1769031535.6766415,64.3,2.8,17.6,38.0,12.1,17.3,16.8,24.8,0,52
21:38:56,1769031536.6772332,57.5,2.8,17.1,38.0,14.1,19.8,14.9,17.3,0,52
21:38:57,1769031537.6772783,66.6,2.9,6.8,42.0,6.1,6.9,5.1,10.2,0,52
21:38:58,1769031538.678259,53.9,2.9,15.5,42.0,16.3,18.2,15.3,13.0,0,52
21:38:59,1769031539.679206,57.7,2.8,14.6,39.0,15.2,10.1,16.7,16.3,0,51
21:39:00,1769031540.6801114,61.8,2.9,14.5,39.0,10.4,15.5,19.4,12.2,0,52
21:39:01,1769031541.681078,66.1,2.9,8.2,39.0,6.1,9.1,10.8,6.1,0,52
21:39:02,1769031542.681209,54.4,2.9,16.8,39.0,22.5,14.3,14.3,15.7,0,52
21:39:03,1769031543.6821458,55.1,2.9,15.7,39.0,16.3,14.3,18.0,16.8,0,52
21:39:04,1769031544.6831107,66.5,2.9,11.8,39.0,12.6,9.3,9.1,14.6,0,52
21:39:05,1769031545.6840954,61.7,2.9,12.3,38.0,13.7,12.9,11.1,11.1,0,52
21:39:06,1769031546.6850576,59.7,2.9,16.0,38.0,21.8,14.0,17.2,11.1,0,52
21:39:07,1769031547.6851869,53.4,2.8,20.9,38.0,21.0,17.5,17.5,25.7,0,52
21:39:08,1769031548.6861784,70.2,2.8,4.8,39.0,4.0,6.0,7.0,5.2,0,52
21:39:09,1769031549.6871083,56.4,2.8,16.3,39.0,12.1,15.0,22.8,14.3,0,52
21:39:10,1769031550.6880648,63.8,2.9,15.7,39.0,15.0,16.2,13.3,17.8,0,52
21:39:11,1769031551.6889765,56.6,2.9,13.2,42.0,11.1,12.1,13.5,18.0,0,52
21:39:12,1769031552.6899273,66.9,2.8,8.2,42.0,9.1,6.1,6.3,10.2,0,52
21:39:13,1769031553.6901894,53.6,2.8,17.2,38.0,17.6,15.0,21.4,16.8,0,52
21:39:14,1769031554.690411,68.4,2.8,16.9,38.0,19.0,11.5,15.5,19.0,0,52
21:39:15,1769031555.6913495,62.1,2.8,8.8,41.0,10.1,8.0,7.1,9.9,0,52
21:39:16,1769031556.6923068,66.2,2.8,13.9,41.0,16.2,9.3,13.0,15.3,0,52
21:39:17,1769031557.6932414,55.5,2.9,16.5,38.0,18.0,16.7,17.0,15.0,0,52
21:39:18,1769031558.6941476,67.7,2.9,17.7,38.0,19.2,15.7,17.3,18.8,0,52
21:39:19,1769031559.6951444,66.2,2.9,5.0,37.0,5.0,5.1,6.9,4.1,0,52
21:39:20,1769031560.6960912,61.2,2.9,15.9,37.0,17.2,12.4,20.4,11.1,0,52
21:39:21,1769031561.697091,58.8,2.8,17.3,38.0,18.7,16.5,19.2,16.5,0,52
21:39:22,1769031562.6971774,66.8,3.0,12.8,38.0,14.6,13.8,13.5,10.4,0,52
21:39:23,1769031563.698146,66.9,2.9,10.9,39.0,12.0,12.0,10.0,8.9,0,52
21:39:24,1769031564.6991174,57.3,2.9,17.3,39.0,17.0,16.0,19.0,16.7,0,52
21:39:25,1769031565.7000792,64.4,2.9,15.1,41.0,10.1,9.1,21.8,19.2,0,52
21:39:26,1769031566.7010133,64.5,2.8,8.3,41.0,9.1,8.9,7.1,8.1,0,51
21:39:27,1769031567.7012053,67.6,2.9,12.8,38.0,9.2,18.8,14.1,10.1,0,52
21:39:28,1769031568.70218,52.9,2.9,16.0,38.0,12.9,14.3,17.2,18.0,0,52
21:39:29,1769031569.7031121,67.4,2.8,15.4,38.0,18.4,18.2,15.3,12.2,0,52
21:39:30,1769031570.7040896,59.2,2.8,6.5,38.0,6.0,9.0,5.9,5.0,0,52
21:39:31,1769031571.7050455,66.1,2.8,17.9,38.0,20.0,15.2,15.0,20.4,0,52
21:39:32,1769031572.7052486,55.7,2.8,18.7,39.0,15.0,16.0,22.8,19.8,0,52
21:39:33,1769031573.706178,67.9,2.9,9.1,39.0,18.2,7.0,5.1,8.2,0,52
21:39:34,1769031574.7071776,54.6,2.8,14.8,38.0,17.5,15.0,15.2,10.3,0,52
21:39:35,1769031575.7081556,61.0,2.8,17.4,38.0,13.1,17.8,21.6,16.0,0,51
21:39:36,1769031576.7083757,58.9,2.9,17.5,38.0,20.0,14.0,18.2,20.4,0,52
21:39:37,1769031577.709356,67.0,2.9,7.7,42.0,7.8,5.9,9.0,7.0,0,52
21:39:38,1769031578.7102134,54.3,2.8,16.3,42.0,20.6,13.3,15.0,15.6,0,52
21:39:39,1769031579.710546,56.4,2.9,18.3,39.0,18.6,17.6,14.7,22.3,0,52
21:39:40,1769031580.7114537,64.6,2.8,12.0,39.0,11.0,17.3,7.4,12.1,0,51
21:39:41,1769031581.7124531,64.5,3.0,6.0,39.0,8.0,5.1,5.1,6.1,0,52
21:39:42,1769031582.7132428,55.5,2.9,17.6,37.0,15.7,18.8,21.2,16.0,0,52
21:39:43,1769031583.7142007,54.2,2.8,16.5,37.0,14.4,17.7,18.9,12.5,0,52
21:39:44,1769031584.7151587,66.8,2.9,11.8,44.0,8.0,12.9,14.1,12.0,0,52
21:39:45,1769031585.7161136,60.2,2.9,10.9,38.0,12.2,9.2,11.3,11.0,0,52
21:39:46,1769031586.7170777,60.6,2.9,17.2,38.0,17.2,18.4,16.5,16.5,0,52
21:39:47,1769031587.7172134,55.6,2.9,18.3,40.0,22.3,17.6,18.6,15.4,0,52
21:39:48,1769031588.7181349,69.7,3.0,5.6,40.0,6.1,5.1,4.1,7.0,0,51
21:39:49,1769031589.7190824,55.3,2.9,14.4,38.0,12.4,10.2,21.4,12.2,0,52
21:39:50,1769031590.720055,64.3,2.8,18.5,38.0,14.0,21.6,16.2,22.8,0,51
21:39:51,1769031591.7209723,56.9,2.8,13.3,43.0,19.2,8.2,11.5,14.3,0,52
21:39:52,1769031592.7212434,67.0,2.9,7.2,39.0,5.9,7.1,7.9,8.1,0,51
21:39:53,1769031593.722207,53.8,2.9,16.6,39.0,21.6,17.3,15.3,11.7,0,52
21:39:54,1769031594.723228,67.3,2.8,17.3,39.0,16.0,14.6,22.8,16.0,0,52
21:39:55,1769031595.7241495,61.9,2.9,9.2,39.0,8.2,11.2,8.2,8.3,0,51
21:39:56,1769031596.72518,66.0,2.9,9.7,38.0,11.9,9.9,7.0,11.0,0,51
21:39:57,1769031597.7261314,53.9,2.9,17.0,38.0,17.3,10.5,17.2,22.0,0,52
21:39:58,1769031598.727109,68.4,2.9,16.1,38.0,16.0,12.2,16.3,20.6,0,52
21:39:59,1769031599.7280395,65.4,2.9,8.4,40.0,9.7,11.9,5.9,6.9,0,52
21:40:00,1769031600.7289925,62.0,2.9,21.1,39.0,24.8,15.2,22.8,21.0,0,52
21:40:01,1769031601.7292185,60.4,2.9,15.6,39.0,19.6,12.1,17.3,14.1,0,52
21:40:02,1769031602.730123,67.0,2.9,14.9,42.0,11.3,18.4,19.8,10.1,0,51
21:40:03,1769031603.7311232,68.5,2.9,5.8,38.0,6.0,6.1,6.1,5.0,0,51
21:40:04,1769031604.7316191,57.8,2.8,16.9,38.0,18.8,12.2,15.0,20.2,0,51
21:40:05,1769031605.7325838,62.5,2.9,16.6,38.0,15.3,10.4,16.8,24.0,0,51
21:40:06,1769031606.7331908,65.3,2.8,12.2,44.0,12.1,11.0,11.2,14.0,0,51
21:40:07,1769031607.7341843,68.0,2.9,11.4,38.0,12.1,10.2,12.2,11.2,0,51
21:40:08,1769031608.7351131,54.4,2.9,16.4,39.0,15.0,18.8,14.7,18.3,0,52
21:40:09,1769031609.7353332,68.0,2.9,16.0,39.0,17.3,17.3,16.2,12.2,0,52
21:40:10,1769031610.7362983,59.8,2.9,5.8,43.0,5.0,7.0,4.0,6.1,0,51
21:40:11,1769031611.7372317,66.5,2.9,13.2,39.0,16.5,11.8,17.5,8.1,0,51
21:40:12,1769031612.7382174,54.4,2.8,17.6,39.0,16.3,15.2,22.0,16.2,0,51
21:40:13,1769031613.7391338,67.1,2.8,14.8,42.0,16.0,14.0,10.1,19.8,0,51
21:40:14,1769031614.7401087,55.9,2.8,7.6,42.0,7.0,6.1,10.1,7.1,0,51
21:40:15,1769031615.7411265,63.1,2.8,15.9,39.0,16.2,10.3,20.4,16.0,0,51
21:40:16,1769031616.7411997,58.0,2.8,16.9,39.0,16.3,13.0,14.1,24.2,0,51
21:40:17,1769031617.7420993,67.0,2.9,12.7,43.0,11.0,9.0,15.7,13.9,0,51
21:40:18,1769031618.7430844,67.6,2.9,12.3,38.0,8.0,16.3,8.9,16.7,0,51
21:40:19,1769031619.7440147,60.1,2.9,14.9,38.0,10.4,14.3,20.0,15.5,0,51
21:40:20,1769031620.744384,61.6,2.8,17.0,40.0,17.0,16.3,14.1,22.0,0,51
21:40:21,1769031621.7452345,65.4,2.9,7.4,42.0,5.9,11.8,7.8,4.0,0,51
21:40:22,1769031622.7461786,54.8,2.8,14.5,42.0,16.3,12.1,11.6,15.5,0,52
21:40:23,1769031623.7471733,54.8,2.9,15.9,39.0,15.3,13.0,16.0,20.2,0,51
21:40:24,1769031624.7480893,65.8,2.9,14.5,43.0,18.8,12.9,11.2,16.0,0,51
21:40:25,1769031625.7490642,62.2,2.9,7.1,43.0,5.1,7.0,6.1,10.2,0,51
21:40:26,1769031626.7492204,57.5,2.8,22.6,42.0,20.0,19.6,25.0,24.8,0,51
21:40:27,1769031627.7501967,55.8,2.9,16.3,42.0,15.0,13.1,20.4,16.0,0,51
21:40:28,1769031628.7511134,68.6,2.9,11.0,43.0,14.9,8.9,11.0,10.1,0,51
21:40:29,1769031629.752101,57.9,2.9,10.5,43.0,8.2,12.4,9.0,12.4,0,51
21:40:30,1769031630.7530777,66.4,2.9,16.2,38.0,13.3,15.2,19.0,16.3,0,51
21:40:31,1769031631.7531736,54.8,2.9,17.3,40.0,15.7,19.8,13.0,21.4,0,51
21:40:32,1769031632.7541611,68.1,2.9,7.6,40.0,6.2,9.0,7.9,6.2,0,51
21:40:33,1769031633.7551203,54.5,2.9,17.0,38.0,16.8,18.4,19.2,15.5,0,51
21:40:34,1769031634.7561119,66.0,2.9,15.2,38.0,14.6,10.2,14.1,20.0,0,51
21:40:35,1769031635.7570503,60.4,2.8,14.7,43.0,12.0,16.8,18.6,13.3,0,51
21:40:36,1769031636.7580256,66.2,2.8,6.8,38.0,6.1,4.1,4.1,11.9,0,51
21:40:37,1769031637.7589753,54.0,2.9,15.6,39.0,16.2,15.0,19.2,12.2,0,51
21:40:38,1769031638.759943,67.6,2.9,16.4,39.0,13.9,20.2,16.2,15.5,0,51
21:40:39,1769031639.7608578,63.5,2.8,9.4,42.0,11.1,9.0,6.2,10.2,0,51
21:40:40,1769031640.7612345,64.1,2.8,11.3,42.0,13.0,13.7,10.0,10.4,0,51
21:40:41,1769031641.7622097,56.6,2.9,17.2,39.0,15.2,17.0,21.0,14.7,0,51
21:40:42,1769031642.7631264,55.8,2.9,16.3,39.0,18.2,14.6,20.0,14.3,0,51
21:40:43,1769031643.764156,68.5,2.9,6.2,42.0,9.7,3.0,4.0,6.1,0,51
21:40:44,1769031644.7651246,59.5,3.0,14.2,42.0,10.3,20.8,8.3,17.3,0,51
21:40:45,1769031645.7660847,61.0,2.9,16.3,39.0,20.2,14.4,15.3,16.2,0,51
21:40:46,1769031646.7669728,54.5,2.9,14.1,39.0,14.0,12.4,14.3,14.4,0,51
21:40:47,1769031647.7679923,67.5,2.8,9.0,39.0,8.1,10.0,8.2,10.0,0,51
21:40:48,1769031648.7689683,56.9,2.9,18.5,39.0,14.1,14.1,20.8,23.8,0,51
21:40:49,1769031649.7692251,65.3,2.9,15.2,40.0,11.1,15.3,15.8,19.4,0,51
21:40:50,1769031650.7701356,62.9,2.8,10.2,40.0,10.8,7.1,9.0,14.0,0,51
21:40:51,1769031651.7711396,67.1,2.9,10.4,38.0,8.9,8.8,11.1,11.8,0,51
21:40:52,1769031652.7721062,52.7,2.8,21.1,38.0,24.2,19.0,20.0,21.2,0,51
21:40:53,1769031653.7730222,70.4,2.9,17.1,40.0,15.3,18.0,16.5,20.2,0,51
21:40:54,1769031654.773998,57.3,2.9,5.3,40.0,5.2,5.1,4.0,7.0,0,51
21:40:55,1769031655.774956,64.5,2.8,16.9,38.0,23.2,16.2,13.4,13.0,0,51
21:40:56,1769031656.7759519,56.2,2.8,17.5,38.0,16.3,17.8,17.2,18.8,0,51
21:40:57,1769031657.7768722,67.3,2.9,13.5,43.0,11.9,8.0,15.2,18.2,0,51
21:40:58,1769031658.777841,66.4,3.0,6.1,43.0,5.0,8.9,7.0,6.0,0,51
21:40:59,1769031659.7788494,60.9,2.8,15.3,39.0,10.2,15.6,19.4,15.3,0,51
21:41:00,1769031660.779816,58.8,2.8,18.3,39.0,18.0,14.6,18.0,23.5,0,51
21:41:01,1769031661.780734,66.6,2.9,10.3,39.0,12.0,6.1,10.1,11.1,0,51
21:41:02,1769031662.7812088,67.3,2.9,13.5,37.0,13.0,14.4,14.3,15.0,0,51
21:41:03,1769031663.7821727,56.5,2.8,16.8,38.0,17.8,15.2,16.2,16.8,0,51
21:41:04,1769031664.7830899,65.1,2.9,16.7,38.0,18.2,17.3,16.0,13.7,0,51
21:41:05,1769031665.7841065,64.1,2.9,5.2,41.0,3.9,5.0,6.9,4.9,0,51
21:41:06,1769031666.7850714,56.1,2.9,15.8,41.0,14.6,20.0,17.0,11.3,0,51
21:41:07,1769031667.785239,54.4,2.9,18.9,39.0,18.6,19.4,20.6,18.4,0,51
21:41:08,1769031668.786147,67.0,2.9,14.1,39.0,16.8,15.2,10.9,14.4,0,51
21:41:09,1769031669.7871332,59.4,2.9,8.7,38.0,7.0,10.0,8.9,7.1,0,51
21:41:10,1769031670.7881296,65.7,2.9,15.8,38.0,13.4,14.6,15.5,21.0,0,51
21:41:11,1769031671.789123,55.6,2.8,16.3,39.0,17.8,12.4,12.1,21.8,0,51
21:41:12,1769031672.7891912,67.7,2.7,8.4,39.0,3.1,8.1,14.0,8.0,0,51
21:41:13,1769031673.7901733,55.0,2.8,9.1,39.0,13.1,6.1,9.1,7.1,0,51
21:41:14,1769031674.791121,63.4,2.8,16.6,39.0,13.4,20.6,17.3,16.0,0,51
21:41:15,1769031675.7920363,57.6,2.8,17.9,40.0,16.3,24.2,16.2,16.0,0,51
21:41:16,1769031676.7930229,67.1,2.8,6.5,43.0,6.0,3.0,5.0,10.0,0,51
21:41:17,1769031677.7939706,53.4,2.8,16.9,43.0,15.3,16.3,20.6,17.0,0,51
21:41:18,1769031678.7949684,57.7,2.9,20.5,39.0,18.8,20.0,21.2,19.8,0,51
21:41:19,1769031679.7958846,65.3,2.8,12.4,39.0,15.2,13.9,8.1,15.3,0,51
21:41:20,1769031680.7968576,65.1,2.8,8.6,40.0,6.9,8.8,8.7,8.9,0,51
21:41:21,1769031681.797225,54.6,2.9,15.5,40.0,11.7,18.0,14.4,15.8,0,51
21:41:22,1769031682.7981205,68.1,2.8,15.9,39.0,22.8,20.6,9.5,11.3,0,51
21:41:23,1769031683.7986667,66.8,2.8,9.8,39.0,10.1,8.3,11.1,9.9,0,51
21:41:24,1769031684.7990725,61.2,2.8,11.8,39.0,12.7,14.0,9.0,13.1,0,51
21:41:25,1769031685.7992516,58.9,2.9,16.3,39.0,19.2,13.3,17.9,13.4,0,51
21:41:26,1769031686.8001626,67.3,2.9,17.0,40.0,25.7,14.0,15.0,13.0,0,51
21:41:27,1769031687.801139,68.2,2.9,5.8,40.0,5.1,7.0,3.1,8.1,0,51
21:41:28,1769031688.8011906,57.5,2.9,15.1,38.0,16.3,9.8,18.4,15.2,0,51
21:41:29,1769031689.8022184,63.3,2.8,15.1,38.0,8.6,18.3,24.7,7.6,0,51
21:41:30,1769031690.8031504,64.7,2.9,15.0,43.0,12.7,19.6,14.1,15.2,0,51
21:41:31,1769031691.8041444,66.8,2.8,8.8,39.0,10.0,8.0,6.1,9.2,0,51
21:41:32,1769031692.8051238,54.2,2.9,16.1,39.0,14.3,16.5,14.1,21.8,0,51
21:41:33,1769031693.8052053,68.2,2.9,16.6,39.0,16.8,19.4,15.2,14.1,0,51
21:41:34,1769031694.8061576,60.3,2.8,9.3,39.0,12.0,7.0,9.0,10.3,0,51
21:41:35,1769031695.807111,66.4,2.9,13.1,39.0,12.1,14.3,14.1,9.3,0,51
21:41:36,1769031696.8081112,54.8,2.8,14.1,39.0,12.4,14.1,14.0,17.1,0,51
21:41:37,1769031697.809039,66.3,2.8,17.0,39.0,13.3,18.6,16.3,20.6,0,51
21:41:38,1769031698.8092213,66.6,2.9,6.3,41.0,4.0,7.8,7.0,5.9,0,51
21:41:39,1769031699.8101943,62.4,2.8,15.8,39.0,14.9,22.2,14.9,12.2,0,51
21:41:40,1769031700.811165,57.6,2.9,16.8,39.0,15.0,13.9,17.0,19.6,0,51
21:41:41,1769031701.8121395,66.8,2.8,14.3,43.0,14.0,14.0,16.8,13.0,0,51
21:41:42,1769031702.8131113,67.5,2.8,9.0,38.0,10.9,9.1,7.1,8.1,0,51
21:41:43,1769031703.813226,58.1,2.8,17.3,39.0,14.1,15.2,21.6,20.2,0,51
21:41:44,1769031704.8141556,63.2,2.9,13.9,39.0,14.3,13.4,13.0,14.7,0,51
21:41:45,1769031705.8251915,64.7,3.0,13.5,43.0,11.0,10.9,12.9,17.6,0,51
21:41:46,1769031706.825519,55.9,2.8,11.5,43.0,9.1,13.1,13.3,12.0,0,51
21:41:47,1769031707.8261046,53.4,2.8,18.0,39.0,16.0,20.2,19.0,17.3,0,51
21:41:48,1769031708.827022,67.7,2.9,17.2,39.0,23.7,15.2,15.3,13.0,0,51
21:41:49,1769031709.828009,60.8,2.9,5.5,38.0,5.0,5.1,4.0,6.9,0,51
21:41:50,1769031710.8289745,60.2,2.8,17.1,38.0,18.2,17.5,19.2,13.4,0,51
21:41:51,1769031711.8292103,54.6,2.9,16.4,40.0,20.2,17.8,17.8,9.1,0,51
21:41:52,1769031712.829594,68.0,2.9,10.8,40.0,15.6,9.2,10.3,8.2,0,51
21:41:53,1769031713.830612,55.9,2.9,8.3,38.0,7.0,9.0,11.0,7.9,0,51
21:41:54,1769031714.8316069,63.6,2.8,17.4,38.0,15.7,22.0,18.0,14.7,0,51
21:41:55,1769031715.8319404,56.9,2.9,17.0,38.0,14.1,19.2,15.3,16.7,0,51
21:41:56,1769031716.8328378,67.2,2.9,8.0,43.0,10.0,7.0,8.0,7.2,0,51
21:41:57,1769031717.8332286,53.7,2.9,14.4,43.0,13.9,11.2,17.5,14.9,0,51
21:41:58,1769031718.8333848,58.8,2.9,16.7,38.0,23.8,11.2,22.0,8.1,0,51
21:41:59,1769031719.8342812,62.4,2.8,14.4,38.0,14.3,11.0,16.0,19.8,0,51
21:42:00,1769031720.8352253,65.9,2.9,2.8,39.0,2.1,3.1,2.0,1.0,0,51
21:42:01,1769031721.8362222,54.3,2.8,16.3,38.0,15.5,16.7,18.6,16.0,0,51
21:42:02,1769031722.8371596,55.0,2.8,19.5,38.0,20.2,24.2,16.2,16.3,0,51
21:42:03,1769031723.8371837,65.4,2.9,13.6,45.0,15.7,17.8,10.9,11.0,0,51
21:42:04,1769031724.838125,62.2,2.8,8.6,38.0,7.2,14.0,6.1,5.2,0,51
21:42:05,1769031725.839115,59.0,2.8,19.0,38.0,15.8,23.5,21.0,17.8,0,51
21:42:06,1769031726.8400297,66.5,2.8,15.4,38.0,17.0,17.3,17.3,9.5,0,51
21:42:07,1769031727.840933,69.6,2.8,7.0,43.0,5.1,5.1,8.0,8.0,0,51
21:42:08,1769031728.8412313,57.4,3.0,11.9,43.0,11.0,12.1,14.3,13.0,0,51
21:42:09,1769031729.8422098,63.2,2.8,17.1,39.0,21.0,12.0,15.3,19.4,0,51
21:42:10,1769031730.8431432,55.5,2.8,17.3,39.0,17.8,17.2,15.2,19.2,0,51
21:42:11,1769031731.8441048,66.9,2.9,11.3,38.0,10.1,12.9,11.0,10.2,0,51
21:42:12,1769031732.8450563,55.9,2.8,17.5,38.0,18.2,14.3,19.2,17.3,0,51
21:42:13,1769031733.8451743,66.7,2.9,16.9,39.0,21.8,17.2,15.0,14.1,0,51
21:42:14,1769031734.8461092,60.2,2.9,11.7,43.0,12.6,12.6,9.7,12.9,0,51
21:42:15,1769031735.8462267,67.1,2.8,7.1,43.0,6.4,7.2,6.3,8.5,0,51
21:42:16,1769031736.8471844,53.6,2.8,15.7,38.0,18.2,10.3,23.0,10.3,0,51
21:42:17,1769031737.8481133,67.9,3.1,18.4,38.0,21.0,18.2,11.5,23.5,0,51
21:42:18,1769031738.849047,64.8,3.0,8.3,42.0,8.0,4.1,11.9,9.1,0,51
21:42:19,1769031739.8491595,63.2,2.9,13.2,38.0,9.3,12.2,12.4,17.2,0,51
21:42:20,1769031740.8496835,57.3,2.9,14.8,39.0,21.4,14.0,16.3,10.1,0,51
21:42:21,1769031741.8505883,67.6,3.0,14.4,39.0,12.1,11.5,14.1,19.2,0,51
21:42:22,1769031742.8515723,67.9,2.8,4.5,37.0,3.0,4.0,4.0,5.9,0,51
21:42:23,1769031743.8525088,58.3,2.9,17.8,37.0,22.4,10.2,21.6,16.7,0,51
21:42:24,1769031744.8531866,61.7,2.8,14.9,38.0,12.2,11.3,24.5,11.5,0,51
21:42:25,1769031745.8541,65.5,2.9,12.1,44.0,9.2,11.0,15.2,14.1,0,51
21:42:26,1769031746.8550558,66.9,2.9,11.2,37.0,9.1,12.0,10.0,13.7,0,51
21:42:27,1769031747.8560262,55.0,2.8,18.2,37.0,19.2,21.6,16.8,14.4,0,51
21:42:28,1769031748.8569915,66.5,2.9,16.3,38.0,14.3,16.8,15.7,20.0,0,51
21:42:29,1769031749.8572934,61.2,3.0,5.1,38.0,5.1,6.1,3.1,5.2,0,51
21:42:30,1769031750.8582764,58.4,2.9,13.1,38.0,16.2,11.9,8.1,15.2,0,51
21:42:31,1769031751.8585513,53.6,2.8,19.1,39.0,15.8,18.0,26.7,16.7,0,51
21:42:32,1769031752.8594732,67.8,2.8,17.3,39.0,15.2,14.4,18.4,21.0,0,51
21:42:33,1769031753.860441,58.3,2.9,7.5,39.0,6.9,7.0,7.0,7.2,0,51
21:42:34,1769031754.8612416,63.5,2.8,17.1,38.0,15.0,17.3,19.0,18.6,0,51
21:42:35,1769031755.862179,56.6,2.9,16.7,38.0,20.0,18.4,10.1,17.5,0,51
21:42:36,1769031756.862237,67.2,2.9,14.9,43.0,13.0,14.9,19.8,12.0,0,51
21:42:37,1769031757.8631816,54.0,2.9,8.9,43.0,13.0,6.2,8.2,7.1,0,51
21:42:38,1769031758.8639498,59.3,2.9,15.7,38.0,12.5,10.4,16.0,25.3,0,51
21:42:39,1769031759.864907,60.4,2.9,16.7,38.0,21.2,13.4,17.3,15.5,0,51
21:42:40,1769031760.8651786,66.0,2.8,10.4,42.0,11.7,10.8,12.1,6.0,0,51
21:42:41,1769031761.8652442,55.3,2.9,16.0,42.0,13.4,13.4,20.8,16.3,0,51
21:42:42,1769031762.8662426,55.5,2.9,16.1,39.0,15.2,17.3,14.3,18.0,0,51
21:42:43,1769031763.867167,65.8,2.9,14.0,39.0,13.3,9.2,18.0,14.4,0,51
21:42:44,1769031764.8681598,63.0,2.8,7.0,39.0,7.9,7.0,5.1,7.0,0,51
21:42:45,1769031765.8683786,57.5,3.0,16.2,39.0,13.9,21.6,15.5,16.0,0,51
21:42:46,1769031766.8691761,54.4,2.8,18.2,39.0,14.4,19.8,16.3,21.2,0,51
21:42:47,1769031767.8701525,68.6,2.9,12.1,42.0,13.1,12.1,9.2,12.9,0,51
21:42:48,1769031768.8711052,58.4,2.9,12.5,38.0,14.0,8.2,14.9,12.0,0,51
21:42:49,1769031769.8720808,62.7,2.9,16.5,38.0,15.2,14.0,25.0,14.1,0,51
21:42:50,1769031770.8729944,65.0,2.9,16.0,39.0,17.0,16.2,16.8,12.2,0,51
21:42:51,1769031771.8732235,67.2,2.8,6.8,39.0,8.9,4.1,8.7,6.9,0,51
21:42:52,1769031772.874507,54.2,2.9,14.7,39.0,12.9,15.8,18.6,11.9,0,51
21:42:53,1769031773.8754928,66.1,2.9,15.2,39.0,18.2,14.4,15.8,12.1,0,51
21:42:54,1769031774.8764186,59.6,2.9,16.3,42.0,13.9,14.0,15.2,21.2,0,51
21:42:55,1769031775.8772035,65.9,2.9,8.0,38.0,7.0,7.1,6.0,12.9,0,51
21:42:56,1769031776.8781996,54.3,2.8,17.5,38.0,17.0,10.1,19.6,21.6,0,51
21:42:57,1769031777.8784523,68.2,2.9,17.0,39.0,20.0,18.0,16.2,14.3,0,51
21:42:58,1769031778.87863,63.7,2.9,11.2,41.0,13.1,10.0,8.0,13.9,0,51
21:42:59,1769031779.8795698,64.8,2.8,11.1,41.0,13.9,9.2,13.0,10.2,0,51
21:43:00,1769031780.8805342,56.3,2.8,16.4,39.0,9.3,13.9,16.2,25.0,0,51
21:43:01,1769031781.8812191,67.7,2.9,16.2,39.0,20.2,13.3,18.0,13.5,0,51
21:43:02,1769031782.881913,54.8,2.9,11.9,42.0,15.2,10.1,11.2,10.3,0,51
21:43:03,1769031783.8821793,60.9,2.9,13.2,38.0,9.3,14.0,14.3,15.8,0,51
21:43:04,1769031784.8831317,61.2,2.8,17.0,39.0,21.2,13.6,12.1,23.0,0,51
21:43:05,1769031785.8840384,66.8,2.9,15.1,39.0,17.2,14.1,14.0,15.2,0,51
21:43:06,1769031786.8850658,67.6,2.8,7.9,38.0,7.8,6.9,8.1,7.0,0,51
21:43:07,1769031787.8851964,56.9,2.9,16.8,38.0,17.3,18.2,17.2,16.2,0,51
21:43:08,1769031788.8861527,65.2,2.9,15.7,38.0,19.4,11.1,15.5,14.0,0,51
21:43:09,1769031789.8870683,63.9,2.9,10.9,41.0,9.1,13.0,8.2,13.3,0,51
21:43:10,1769031790.8880646,66.9,2.9,11.2,39.0,12.1,11.9,8.1,10.9,0,51
21:43:11,1769031791.888611,53.1,2.9,17.1,39.0,13.0,15.7,21.6,19.6,0,51
21:43:12,1769031792.8892403,67.9,2.8,16.9,39.0,22.2,18.4,12.8,13.3,0,51
21:43:13,1769031793.8897722,59.8,2.8,7.5,41.0,6.1,6.1,8.9,10.0,0,51
21:43:14,1769031794.8907287,67.5,2.8,15.7,38.0,16.8,13.0,12.9,21.8,0,51
21:43:15,1769031795.8917031,55.0,2.8,15.5,39.0,14.0,17.0,16.8,13.1,0,51
21:43:16,1769031796.8926098,67.2,2.9,15.3,39.0,18.6,13.4,15.2,13.5,0,51
21:43:17,1769031797.8936298,55.8,2.9,8.2,39.0,11.0,5.9,7.0,9.0,0,51
21:43:18,1769031798.8945794,62.7,2.9,15.5,39.0,14.0,21.4,13.3,13.3,0,51
21:43:19,1769031799.8955579,57.8,2.9,16.4,39.0,24.2,14.3,12.2,13.3,0,51
21:43:20,1769031800.8964639,66.7,2.9,12.1,39.0,14.7,12.2,11.9,11.9,0,51
21:43:21,1769031801.897241,53.5,2.9,11.5,39.0,10.1,12.6,13.0,10.3,0,51
21:43:22,1769031802.8982158,58.5,2.8,16.8,39.0,21.6,13.0,15.8,16.5,0,51
21:43:23,1769031803.8991358,63.2,2.8,15.1,38.0,15.0,14.3,19.2,10.1,0,51
21:43:24,1769031804.899645,64.4,2.9,6.6,38.0,7.0,5.1,7.1,9.1,0,51
21:43:25,1769031805.9006104,55.8,2.9,14.1,38.0,11.2,16.0,13.9,14.1,0,51
21:43:26,1769031806.901593,54.1,2.8,16.4,38.0,14.7,16.8,20.4,15.3,0,51
21:43:27,1769031807.9025297,66.6,2.9,16.5,43.0,14.0,15.3,20.2,15.8,0,51
21:43:28,1769031808.9035313,61.4,2.9,13.4,43.0,11.1,14.3,13.0,15.2,0,51
21:43:29,1769031809.9045355,61.6,2.9,16.7,38.0,20.8,14.1,17.2,14.0,0,51
21:43:30,1769031810.905485,54.6,2.9,15.6,39.0,13.6,9.8,13.6,25.5,0,51
21:43:31,1769031811.9058325,67.3,2.9,10.8,39.0,11.2,16.3,10.3,6.2,0,51
21:43:32,1769031812.9067986,56.2,2.9,9.0,37.0,8.2,10.2,9.3,7.2,0,51
21:43:33,1769031813.907426,64.9,2.9,16.2,39.0,16.0,9.4,22.0,16.2,0,51
21:43:34,1769031814.908386,56.2,2.8,17.2,39.0,17.3,23.8,13.1,16.2,0,51
21:43:35,1769031815.909195,68.1,2.9,8.5,41.0,11.9,7.1,8.9,5.2,0,51
21:43:36,1769031816.9101403,53.8,2.8,15.4,41.0,15.5,13.1,14.9,16.2,0,51
21:43:37,1769031817.91112,67.4,2.9,17.2,39.0,17.0,18.8,15.0,20.0,0,51
21:43:38,1769031818.9120326,61.0,2.9,13.5,39.0,15.8,9.2,12.4,15.3,0,51
21:43:39,1769031819.9130392,66.2,2.9,7.0,38.0,8.0,6.9,6.0,8.0,0,51
21:43:40,1769031820.9140382,54.8,2.9,15.6,38.0,22.2,11.1,8.5,18.2,0,51
21:43:41,1769031821.9149084,67.8,2.9,17.9,39.0,21.4,15.8,13.1,22.5,0,51
21:43:42,1769031822.9158103,65.5,2.9,11.1,39.0,14.1,10.1,10.1,10.2,0,51
21:43:43,1769031823.9168074,62.7,2.9,12.3,38.0,17.5,11.2,12.2,9.1,0,51
21:43:44,1769031824.9172184,58.2,2.9,17.0,39.0,16.2,15.2,12.5,23.8,0,51
21:43:45,1769031825.918173,66.7,3.0,15.4,39.0,12.4,19.2,14.9,15.5,0,51
21:43:46,1769031826.919145,69.0,2.8,6.5,43.0,6.9,1.0,6.0,8.9,0,51
21:43:47,1769031827.9193838,58.0,2.9,14.9,39.0,15.3,18.8,15.0,13.1,0,51
21:43:48,1769031828.9203324,63.7,2.9,16.7,39.0,18.4,12.1,23.0,12.4,0,51
21:43:49,1769031829.9211702,65.9,2.9,15.8,42.0,13.7,13.0,19.8,17.5,0,51
21:43:50,1769031830.9221525,66.8,2.9,9.0,42.0,9.9,11.9,7.0,6.1,0,51
21:43:51,1769031831.9231405,54.5,2.9,18.0,39.0,18.6,18.6,16.3,18.8,0,51
21:43:52,1769031832.9238656,67.1,2.9,16.5,39.0,19.8,14.3,19.8,13.0,0,51
21:43:53,1769031833.9240465,61.2,2.8,9.2,43.0,7.1,13.9,6.9,7.0,0,51
21:43:54,1769031834.9249933,68.6,2.8,15.5,39.0,14.9,17.0,13.3,16.7,0,51
21:43:55,1769031835.925206,54.1,2.8,17.7,39.0,20.4,20.2,14.3,17.2,0,51
21:43:56,1769031836.926138,67.5,2.9,16.3,43.0,14.4,15.0,15.5,20.0,0,51
21:43:57,1769031837.927128,55.2,2.8,5.8,43.0,6.1,4.1,7.0,5.1,0,51
21:43:58,1769031838.9280765,62.3,3.0,17.3,38.0,16.2,13.9,21.2,17.8,0,51
21:43:59,1769031839.9290512,58.2,2.9,15.5,38.0,14.3,22.2,15.2,11.2,0,51
21:44:00,1769031840.929169,67.2,2.9,12.2,42.0,12.2,12.9,12.9,9.1,0,51
21:44:01,1769031841.930145,53.3,2.9,7.1,42.0,11.0,7.1,5.1,6.1,0,51
21:44:02,1769031842.9311364,57.8,2.8,16.5,38.0,18.8,14.6,12.0,23.0,0,51
21:44:03,1769031843.9320948,62.0,2.9,18.2,39.0,19.0,17.8,17.2,16.5,0,51
21:44:04,1769031844.933005,65.6,2.9,10.0,39.0,11.9,10.9,10.2,7.9,0,51
21:44:05,1769031845.9332163,56.8,2.9,13.4,38.0,12.2,14.1,15.3,10.9,0,51
21:44:06,1769031846.9341936,55.1,2.8,16.7,38.0,16.0,16.2,15.6,19.2,0,51
21:44:07,1769031847.9349525,67.7,2.9,15.5,44.0,18.4,15.0,15.5,13.1,0,51
21:44:08,1769031848.9355373,60.3,2.9,6.0,39.0,5.9,5.0,5.9,6.9,0,51
21:44:09,1769031849.9364915,60.0,2.9,15.8,39.0,18.0,16.0,14.9,15.0,0,51
21:44:10,1769031850.9371867,54.2,2.8,17.8,38.0,16.2,17.0,20.2,15.3,0,51
21:44:11,1769031851.938108,66.9,2.8,12.4,43.0,14.0,13.3,13.7,12.1,0,51
21:44:12,1769031852.9390588,56.0,2.8,11.4,43.0,10.0,13.7,9.8,9.1,0,51
21:44:13,1769031853.940032,64.4,2.9,17.0,38.0,18.4,24.3,14.0,12.0,0,51
21:44:14,1769031854.9409566,57.5,2.9,16.7,38.0,18.7,17.2,16.3,15.7,0,51
21:44:15,1769031855.941172,67.8,2.9,8.4,41.0,11.1,10.2,6.1,6.1,0,51
21:44:16,1769031856.9421282,53.3,2.8,11.7,38.0,11.2,13.7,10.0,10.9,0,51
21:44:17,1769031857.9430747,67.9,2.9,17.3,38.0,19.2,15.5,16.3,18.2,0,51
21:44:18,1769031858.9439805,62.3,2.8,17.3,43.0,15.5,19.2,18.2,19.2,0,51
21:44:19,1769031859.9442973,65.8,2.8,5.5,38.0,5.0,4.1,5.1,5.0,0,51
21:44:20,1769031860.9452147,54.9,3.0,19.4,38.0,18.2,22.2,18.0,20.2,0,51
21:44:21,1769031861.946192,70.8,2.9,17.4,38.0,22.3,15.8,14.3,17.0,0,51
21:44:22,1769031862.9470873,66.3,2.8,11.9,38.0,12.2,15.2,7.2,11.1,0,51
21:44:23,1769031863.9480522,62.7,2.8,10.8,39.0,13.1,9.1,11.9,11.0,0,51
21:44:24,1769031864.9481602,57.6,2.8,15.5,39.0,11.0,17.8,16.5,15.2,0,51
21:44:25,1769031865.949134,66.9,2.9,16.8,39.0,20.2,13.0,12.4,22.8,0,51
21:44:26,1769031866.9491706,67.3,2.8,7.5,39.0,10.2,4.3,7.1,8.2,0,51
21:44:27,1769031867.9501517,57.8,2.8,14.1,38.0,11.9,12.9,14.3,17.3,0,51
21:44:28,1769031868.9511466,64.0,2.8,16.8,39.0,17.5,19.2,13.1,15.3,0,51
21:44:29,1769031869.952062,64.7,2.9,13.8,39.0,10.3,10.1,19.4,17.2,0,51
21:44:30,1769031870.953049,67.1,2.8,7.0,39.0,6.9,7.0,8.9,5.1,0,51
21:44:31,1769031871.9536371,54.4,2.8,17.4,39.0,20.6,16.7,14.0,18.6,0,51
21:44:32,1769031872.9545643,66.3,2.8,17.3,39.0,12.5,20.0,17.3,17.2,0,51
21:44:33,1769031873.9555073,60.8,2.9,11.9,44.0,14.9,12.2,12.1,10.2,0,51
21:44:34,1769031874.9556646,66.3,2.8,11.3,44.0,11.1,13.1,6.1,14.0,0,51
21:44:35,1769031875.956603,54.5,2.9,15.3,39.0,14.3,19.4,9.1,17.3,0,51
21:44:36,1769031876.9572082,67.5,2.8,15.5,39.0,19.4,17.3,11.3,13.7,0,51
21:44:37,1769031877.9580274,55.9,2.8,8.0,44.0,7.0,8.1,7.1,8.9,0,51
21:44:38,1769031878.9588327,64.5,2.8,15.3,39.0,13.7,12.9,24.0,12.1,0,51
21:44:39,1769031879.9597862,57.7,2.8,13.7,39.0,11.3,9.3,15.0,19.8,0,51
21:44:40,1769031880.9607005,66.4,2.8,15.1,39.0,19.4,13.3,11.5,15.2,0,51
21:44:41,1769031881.9612432,53.8,3.0,6.3,39.0,9.0,6.0,6.1,5.1,0,51
21:44:42,1769031882.9621978,59.6,2.9,16.3,38.0,14.3,19.0,15.8,16.0,0,51
21:44:43,1769031883.9631803,61.5,2.9,16.6,38.0,13.9,16.0,22.4,15.2,0,51
21:44:44,1769031884.9640892,65.6,2.9,11.1,42.0,10.1,8.2,11.1,14.1,0,51
21:44:45,1769031885.9650714,55.2,3.0,11.2,42.0,10.3,11.2,14.3,8.2,0,51
21:44:46,1769031886.9652216,57.7,2.9,21.5,39.0,22.0,18.2,27.3,19.6,0,51
21:44:47,1769031887.9661586,67.3,3.1,16.6,39.0,13.1,14.0,20.0,18.2,0,51
21:44:48,1769031888.9666185,61.6,2.9,7.0,40.0,11.0,4.0,5.9,7.1,0,51
21:44:49,1769031889.9675865,59.2,2.9,14.7,38.0,16.3,12.7,12.7,16.8,0,51
21:44:50,1769031890.9685218,53.4,2.9,17.0,38.0,13.5,14.1,16.7,23.7,0,51
21:44:51,1769031891.9691727,67.7,2.9,15.5,42.0,14.1,13.3,14.7,19.6,0,51
21:44:52,1769031892.970165,57.1,3.1,17.8,39.0,12.4,22.5,18.0,18.2,0,51
21:44:53,1769031893.9711025,67.8,3.2,21.8,39.0,22.8,14.6,23.2,27.0,0,51
21:44:54,1769031894.9720187,65.4,3.0,22.7,41.0,15.3,18.4,24.0,34.0,0,51
21:44:55,1769031895.9729817,75.6,3.0,15.1,44.0,10.0,22.2,6.1,18.4,0,51
21:44:56,1769031896.9739316,60.5,2.9,11.1,44.0,12.0,10.9,13.0,12.2,0,51
21:44:57,1769031897.9749103,69.0,3.1,18.3,39.0,15.2,20.0,20.4,16.5,0,51
21:44:58,1769031898.9758565,62.3,2.4,18.9,39.0,20.4,16.3,15.2,23.2,0,51
21:44:59,1769031899.9768615,65.9,2.5,9.3,39.0,9.1,8.2,9.8,9.9,0,51
21:45:00,1769031900.977195,57.7,2.7,33.5,39.0,33.3,34.7,35.0,29.9,0,51
21:45:01,1769031901.9782236,73.2,2.4,9.1,38.0,14.9,9.0,6.1,9.0,0,51
21:45:02,1769031902.9791443,53.4,2.3,5.3,38.0,5.2,7.0,5.1,3.1,0,51
21:45:03,1769031903.9801238,52.7,2.4,20.3,42.0,23.7,19.4,20.4,18.2,0,51
21:45:04,1769031904.9810166,68.3,2.7,36.4,44.0,95.0,18.0,17.6,13.4,0,51
21:45:05,1769031905.9811857,78.8,2.4,29.7,44.0,99.0,8.0,7.9,6.9,0,51
21:45:06,1769031906.9827917,77.9,2.7,51.9,47.0,44.0,95.0,31.3,35.6,0,51
21:45:07,1769031907.9837642,91.8,2.3,58.6,51.0,46.6,98.0,45.5,45.4,0,51
21:45:08,1769031908.9847155,88.3,2.4,100.0,52.0,100.0,100.0,100.0,100.0,0,51
21:45:09,1769031909.9851673,122.3,2.4,99.2,52.0,100.0,99.0,99.0,99.0,0,51
21:45:10,1769031910.9861279,124.5,2.4,100.0,54.0,100.0,100.0,100.0,100.0,0,51
21:45:11,1769031911.9870718,126.4,2.3,99.0,54.0,99.0,99.0,99.0,99.0,0,51
21:45:12,1769031912.9880135,125.4,2.3,100.0,54.0,100.0,100.0,100.0,99.0,0,51
21:45:13,1769031913.988987,125.7,2.3,100.0,53.0,100.0,100.0,100.0,100.0,0,51
21:45:14,1769031914.9891758,126.2,2.3,100.0,54.0,100.0,100.0,100.0,100.0,0,51
21:45:15,1769031915.990333,126.3,2.3,99.8,52.0,100.0,100.0,100.0,100.0,0,51
21:45:16,1769031916.9911962,125.9,2.3,100.0,52.0,100.0,100.0,100.0,100.0,0,51
21:45:17,1769031917.9924,124.3,2.4,100.0,53.0,100.0,100.0,100.0,100.0,0,51
21:45:18,1769031918.9931865,125.8,2.3,100.0,54.0,100.0,100.0,100.0,100.0,0,51
21:45:19,1769031919.994138,125.9,2.4,98.1,54.0,97.1,98.0,98.1,99.0,0,51
21:45:20,1769031920.995058,122.2,2.4,100.0,54.0,100.0,100.0,100.0,100.0,0,51
21:45:21,1769031921.996029,126.0,2.4,99.0,54.0,99.0,99.0,99.0,99.0,0,51
21:45:22,1769031922.9969962,125.8,2.4,99.7,54.0,100.0,100.0,100.0,98.0,0,51
21:45:23,1769031923.9977415,125.9,2.3,98.8,54.0,99.0,99.0,99.0,99.0,0,51
21:45:24,1769031924.9986978,125.1,2.4,100.0,54.0,100.0,100.0,100.0,100.0,0,51
21:45:25,1769031925.9987445,125.3,2.4,100.0,55.0,100.0,100.0,100.0,100.0,0,51
21:45:26,1769031926.9989378,125.5,2.3,100.0,55.0,100.0,100.0,100.0,100.0,0,51
21:45:27,1769031927.9999237,125.5,2.3,98.8,54.0,99.0,98.0,98.0,100.0,0,51
21:45:29,1769031929.0008814,124.4,2.3,100.0,54.0,100.0,100.0,100.0,99.0,0,51
21:45:30,1769031930.0011733,125.3,2.4,100.0,54.0,100.0,100.0,100.0,100.0,0,51
21:45:31,1769031931.0021384,126.0,2.3,100.0,55.0,100.0,100.0,100.0,100.0,0,51
21:45:32,1769031932.0030978,125.3,2.3,97.7,55.0,95.9,99.0,97.0,99.0,0,51
21:45:33,1769031933.004071,122.0,2.4,99.8,54.0,100.0,100.0,100.0,99.0,0,51
21:45:34,1769031934.0050118,126.0,2.3,99.5,54.0,99.0,100.0,100.0,100.0,0,51
21:45:35,1769031935.0051749,125.8,2.4,99.2,55.0,99.0,99.0,98.0,99.0,0,51
21:45:36,1769031936.0061443,124.7,2.3,99.5,55.0,100.0,100.0,100.0,99.0,0,51
21:45:37,1769031937.0071208,125.5,2.3,99.8,54.0,99.0,100.0,100.0,100.0,0,51
21:45:38,1769031938.0081275,123.9,2.3,27.8,46.0,26.7,24.2,25.3,35.0,0,51
21:45:39,1769031939.0090914,69.3,2.6,28.8,46.0,20.2,36.7,30.3,28.0,0,51
21:45:40,1769031940.0091982,75.1,2.9,35.3,47.0,14.7,100.0,14.1,11.2,0,51
21:45:41,1769031941.0101297,80.4,2.5,37.8,47.0,19.4,100.0,17.0,15.8,0,51
21:45:42,1769031942.0111132,80.2,2.4,28.0,46.0,5.0,100.0,4.0,4.0,0,51
21:45:43,1769031943.0112684,77.8,2.3,49.0,46.0,26.8,94.9,35.1,39.2,1,51
21:45:44,1769031944.0122082,90.4,2.3,37.6,46.0,19.0,43.6,68.6,16.2,7,51
21:45:45,1769031945.013164,100.7,2.4,40.8,46.0,17.0,20.6,76.0,49.0,8,51
21:45:46,1769031946.0131817,105.5,2.4,42.6,47.0,26.0,60.0,21.6,62.9,0,52
21:45:47,1769031947.013614,107.9,2.6,34.9,48.0,11.9,100.0,14.0,13.4,100,57
21:45:48,1769031948.0136817,194.9,2.3,37.9,48.0,11.3,100.0,17.2,22.2,99,58
21:45:49,1769031949.014228,223.2,2.4,41.4,48.0,25.3,100.0,24.8,14.4,100,58
21:45:50,1769031950.0144408,209.3,2.3,38.6,48.0,21.0,100.0,15.2,18.0,100,59
21:45:51,1769031951.0145843,202.4,2.2,30.2,48.0,10.0,100.0,5.0,6.0,100,60
21:45:52,1769031952.0155385,213.2,2.3,45.1,48.0,36.6,90.6,21.6,32.7,45,58
21:45:53,1769031953.016506,223.2,2.3,42.6,47.0,31.0,95.0,24.0,19.4,0,56
21:45:54,1769031954.0171812,123.3,2.5,24.5,45.0,27.3,50.5,9.9,11.1,100,59
21:45:55,1769031955.0181344,164.2,2.3,16.7,42.0,20.4,13.7,10.5,20.6,97,61
21:45:56,1769031956.0191076,198.4,2.4,22.2,42.0,21.9,17.8,16.3,32.3,98,62
21:45:57,1769031957.019816,204.4,2.3,18.9,46.0,21.3,18.8,14.4,20.4,100,62
21:45:58,1769031958.0207949,191.1,2.4,10.6,46.0,16.2,7.2,6.2,13.4,98,63
21:45:59,1769031959.0212736,194.4,2.3,19.6,41.0,20.4,20.8,22.2,15.2,98,63
21:46:00,1769031960.0222137,202.0,2.3,24.1,41.0,21.6,23.0,27.7,24.0,100,63
21:46:01,1769031961.023141,201.7,2.4,16.9,44.0,21.2,16.3,13.4,15.6,99,64
21:46:02,1769031962.0241294,197.2,2.4,14.9,44.0,11.7,13.5,14.3,20.0,98,64
21:46:03,1769031963.0242462,190.7,2.4,21.3,42.0,24.3,26.0,12.6,22.4,98,64
21:46:04,1769031964.0251656,203.3,2.3,21.5,42.0,19.6,22.4,20.2,23.1,100,64
21:46:05,1769031965.0261438,194.5,2.3,10.9,45.0,10.5,14.7,6.1,12.2,99,64
21:46:06,1769031966.027127,199.5,2.3,19.4,45.0,23.2,17.7,19.2,19.4,98,65
21:46:07,1769031967.028105,195.1,2.3,21.2,42.0,16.2,20.4,21.8,25.5,100,65
21:46:08,1769031968.0289931,202.8,2.3,16.8,42.0,17.2,14.9,9.7,24.2,99,65
21:46:09,1769031969.029484,191.0,2.2,11.5,40.0,8.7,8.3,16.0,13.5,98,65
21:46:10,1769031970.0304565,204.3,2.3,20.7,41.0,24.5,16.7,16.7,24.5,98,65
21:46:11,1769031971.0313637,197.8,2.4,36.2,47.0,22.2,73.5,21.6,28.0,62,63
21:46:12,1769031972.0322986,139.1,2.4,33.1,47.0,16.2,100.0,8.0,8.9,99,65
21:46:13,1769031973.033188,207.9,2.3,37.9,48.0,17.2,100.0,18.6,15.0,100,64
21:46:14,1769031974.0341322,217.2,2.3,41.2,48.0,31.0,100.0,13.5,19.6,100,65
21:46:15,1769031975.034347,213.8,2.3,39.3,47.0,20.6,96.9,27.3,11.6,0,63
21:46:16,1769031976.0352876,207.5,2.4,34.2,47.0,83.7,15.5,16.8,22.5,0,60
21:46:17,1769031977.0362635,116.6,2.3,37.4,46.0,74.0,34.3,20.2,20.2,0,60
21:46:18,1769031978.0371764,114.3,2.4,30.0,49.0,31.6,16.5,25.5,45.5,99,63
21:46:19,1769031979.0381274,202.2,2.4,31.2,49.0,11.8,9.9,5.0,100.0,100,64
21:46:20,1769031980.0390072,215.0,2.3,33.8,41.0,37.5,23.2,21.6,50.5,98,64
21:46:21,1769031981.039974,202.2,2.3,19.3,41.0,19.6,18.7,12.8,26.5,98,65
21:46:22,1769031982.0400312,188.2,2.3,15.8,46.0,12.4,19.4,12.4,20.4,98,65
21:46:23,1769031983.0410693,201.5,2.4,13.3,46.0,15.8,9.6,10.5,15.6,100,65
21:46:24,1769031984.0412028,194.0,2.3,21.0,42.0,24.5,20.4,19.6,20.4,98,65
21:46:25,1769031985.0412557,202.8,2.3,17.6,42.0,16.7,21.7,13.4,18.9,100,65
21:46:26,1769031986.0412836,191.4,2.3,15.1,45.0,17.0,13.7,15.2,13.4,100,65
21:46:27,1769031987.041447,199.7,2.3,17.3,45.0,17.7,20.6,14.7,14.7,98,65
21:46:28,1769031988.042374,198.0,2.3,20.8,42.0,21.6,25.3,21.2,17.5,97,65
21:46:29,1769031989.043264,201.3,2.4,19.4,42.0,18.6,25.8,12.9,20.0,100,65
21:46:30,1769031990.0439088,192.1,2.3,10.5,40.0,10.6,13.7,6.2,10.4,98,65
21:46:31,1769031991.0448735,191.4,2.4,20.1,41.0,21.4,20.4,16.7,22.1,98,65
21:46:32,1769031992.0452464,204.2,2.3,20.5,41.0,18.3,22.7,23.8,18.0,98,65
21:46:33,1769031993.0453167,196.4,2.3,13.9,45.0,14.3,12.5,9.3,18.6,100,66
21:46:34,1769031994.0462885,197.8,2.4,14.5,45.0,15.8,10.2,15.6,16.7,98,65
21:46:35,1769031995.0463667,189.8,2.4,22.1,41.0,24.2,22.3,16.2,25.3,98,65
21:46:36,1769031996.0466292,204.7,2.3,21.4,41.0,22.2,17.0,20.2,27.6,100,66
21:46:37,1769031997.0476198,191.8,2.4,10.7,44.0,11.7,9.3,13.3,7.4,97,66
21:46:38,1769031998.0485713,201.1,2.4,19.6,42.0,17.7,20.8,19.6,21.1,98,66
21:46:39,1769031999.04925,193.1,2.4,20.8,42.0,21.0,20.8,23.5,16.1,100,66
21:46:40,1769032000.0492887,202.6,2.3,14.7,46.0,13.4,17.0,14.3,16.1,98,66
21:46:41,1769032001.0502503,191.1,2.3,13.9,46.0,10.2,18.1,8.5,17.0,98,66
21:46:42,1769032002.0512338,193.9,2.3,19.8,41.0,23.2,18.4,20.4,18.6,98,66
21:46:43,1769032003.0512562,201.7,2.3,20.1,43.0,22.4,24.0,13.5,20.2,100,66
21:46:44,1769032004.0515401,201.5,2.2,13.8,44.0,18.2,12.4,12.0,12.6,98,66
21:46:45,1769032005.0518126,194.5,2.4,17.4,44.0,16.7,20.2,14.6,18.6,97,66
21:46:46,1769032006.052776,205.6,2.4,20.9,42.0,21.4,22.4,19.8,19.4,99,66
21:46:47,1769032007.0531728,204.5,2.5,19.4,42.0,15.8,23.2,17.0,21.9,100,66
21:46:48,1769032008.0532968,195.7,2.2,10.0,42.0,10.5,14.4,7.3,6.5,98,66
21:46:49,1769032009.0542748,197.8,2.4,20.6,43.0,24.5,20.6,20.4,18.4,98,66
21:46:50,1769032010.0552092,205.2,2.3,18.4,43.0,25.5,16.1,13.7,17.5,100,66
21:46:51,1769032011.0552638,204.5,2.4,14.6,46.0,14.1,17.7,17.3,10.2,98,66
21:46:52,1769032012.0556033,190.9,2.3,19.1,42.0,19.4,18.1,17.5,21.4,97,66
21:46:53,1769032013.0556595,205.1,2.3,20.7,42.0,18.9,23.5,22.2,17.0,100,66
21:46:54,1769032014.0558112,196.0,2.3,19.8,47.0,20.2,17.6,15.8,26.5,100,66
21:46:55,1769032015.0568113,201.9,2.4,11.7,42.0,11.3,7.4,17.2,9.5,96,66
21:46:56,1769032016.057223,195.9,2.3,21.4,42.0,19.6,27.1,17.9,21.8,100,66
21:46:57,1769032017.0581744,201.2,2.3,20.8,43.0,21.1,14.4,21.8,24.2,97,66
21:46:58,1769032018.0591094,202.0,2.4,16.0,47.0,20.4,8.3,20.0,15.5,98,66
21:46:59,1769032019.0592346,199.2,2.4,13.8,47.0,12.6,10.1,13.8,19.8,100,66
21:47:00,1769032020.0593562,194.5,2.4,21.4,41.0,22.4,26.0,19.8,17.3,97,66
21:47:01,1769032021.0602958,203.9,2.3,21.4,44.0,19.4,20.4,27.8,16.3,99,66
21:47:02,1769032022.061178,190.7,2.4,11.2,44.0,7.4,15.5,9.2,12.8,98,66
21:47:03,1769032023.0618775,194.8,2.3,18.7,42.0,22.4,18.6,17.2,16.3,100,66
21:47:04,1769032024.0626032,200.0,2.4,20.5,42.0,21.9,21.6,17.2,22.9,98,66
21:47:05,1769032025.062667,200.1,2.4,19.1,47.0,20.4,19.6,18.1,17.5,98,66
21:47:06,1769032026.0630784,193.7,2.3,9.9,47.0,9.6,8.5,9.2,12.4,97,67
21:47:07,1769032027.064071,190.2,2.3,20.1,41.0,22.7,18.1,16.3,22.4,100,66
21:47:08,1769032028.0641923,202.7,2.3,20.8,41.0,18.6,24.5,19.1,21.6,98,67
21:47:09,1769032029.0651402,196.6,2.3,16.5,46.0,14.6,18.0,15.2,18.2,99,66
21:47:10,1769032030.0652177,200.5,2.3,15.1,46.0,14.4,12.2,19.4,13.5,98,66
21:47:11,1769032031.0661833,193.0,2.4,20.5,42.0,25.3,21.9,18.0,17.3,100,66
21:47:12,1769032032.0666845,202.9,2.3,21.7,42.0,18.6,26.3,19.6,22.8,71,66
21:47:13,1769032033.067655,190.0,2.4,10.3,42.0,12.0,8.2,8.4,13.4,100,67
21:47:14,1769032034.0685954,207.1,2.3,21.4,43.0,16.1,17.2,24.8,26.3,98,66
21:47:15,1769032035.0692153,197.9,2.3,19.2,43.0,14.9,25.5,20.4,15.8,98,67
21:47:16,1769032036.0693746,201.9,2.3,17.3,47.0,19.0,21.4,15.5,12.8,98,66
21:47:17,1769032037.0694966,192.9,2.3,13.0,47.0,15.6,16.5,8.2,9.7,100,66
21:47:18,1769032038.0704994,205.3,2.7,25.1,43.0,23.5,24.2,25.0,29.3,98,67
21:47:19,1769032039.0713942,205.5,2.4,21.6,43.0,18.9,30.5,17.7,19.4,99,67
21:47:20,1769032040.072396,197.7,2.3,10.3,44.0,13.4,14.1,9.1,4.2,97,67
21:47:21,1769032041.0731971,196.2,2.3,18.4,44.0,18.9,17.3,12.1,25.3,100,67
21:47:22,1769032042.0742202,190.7,2.4,21.0,43.0,23.7,17.5,23.2,18.2,98,66
21:47:23,1769032043.074265,203.7,2.4,16.1,43.0,12.5,23.5,12.4,15.2,98,67
21:47:24,1769032044.0752442,191.1,2.3,11.9,41.0,11.7,9.2,10.4,16.3,100,67
21:47:25,1769032045.0757773,200.7,2.3,19.6,42.0,20.2,16.0,19.2,24.0,100,67
21:47:26,1769032046.0767167,198.9,2.3,22.5,42.0,16.7,22.4,25.0,25.0,98,67
21:47:27,1769032047.0771754,204.4,2.3,12.9,46.0,12.5,13.5,12.2,13.1,100,67
21:47:28,1769032048.0774221,190.6,2.3,18.1,41.0,20.4,20.8,13.5,18.4,100,67
21:47:29,1769032049.0784028,204.4,2.3,19.9,41.0,25.8,20.6,14.0,19.0,99,67
21:47:30,1769032050.0787108,193.8,2.3,18.9,46.0,25.0,17.0,18.6,16.0,96,67
21:47:31,1769032051.0790277,201.4,2.4,26.3,47.0,5.1,7.9,9.2,82.8,0,62
21:47:32,1769032052.0800056,127.7,2.4,45.5,47.0,39.8,47.5,41.6,53.7,0,62
21:47:33,1769032053.0809443,122.6,2.3,17.3,47.0,19.8,18.0,19.8,13.0,0,60
21:47:34,1769032054.0812387,91.8,2.4,23.0,47.0,7.0,5.2,18.7,59.6,0,59
21:47:35,1769032055.0821526,94.0,2.3,44.0,51.0,25.3,21.0,81.0,49.0,0,59
21:47:36,1769032056.0831277,110.6,2.3,42.3,50.0,27.5,19.0,90.1,31.7,0,59
21:47:37,1769032057.0840638,102.7,2.4,27.0,50.0,28.4,25.7,24.5,29.0,0,58
21:47:38,1769032058.0849807,113.7,2.3,27.7,49.0,22.0,14.6,56.6,17.3,0,58
21:47:39,1769032059.0851984,96.4,2.3,41.3,47.0,44.4,34.7,61.0,24.8,0,57
21:47:40,1769032060.0861278,108.0,2.4,10.3,47.0,7.3,12.4,10.4,12.1,0,57
21:47:41,1769032061.0871053,83.8,2.4,20.6,43.0,26.0,16.7,19.8,20.4,0,57
21:47:42,1769032062.08808,80.8,2.6,17.6,42.0,12.2,17.5,17.6,21.2,0,56
21:47:43,1769032063.089026,86.8,2.3,4.8,42.0,6.0,5.2,3.1,6.1,0,56
21:47:44,1769032064.0891683,69.9,2.3,20.7,44.0,16.7,27.0,22.0,16.7,0,55
21:47:45,1769032065.0901315,70.4,2.5,28.8,48.0,18.4,47.5,21.0,27.8,0,55
21:47:46,1769032066.0910747,87.6,2.5,30.7,48.0,10.0,100.0,6.1,7.1,0,55
21:47:47,1769032067.0920439,93.7,2.7,40.5,49.0,28.2,63.0,44.1,27.5,0,54
21:47:48,1769032068.0929687,98.1,2.4,49.4,49.0,41.8,45.5,48.5,62.1,0,54
21:47:49,1769032069.0938685,102.6,2.4,31.7,49.0,31.4,14.1,26.3,55.0,0,53
21:47:50,1769032070.094791,83.8,2.3,28.8,49.0,6.1,98.0,6.0,5.0,0,53
21:47:51,1769032071.0957932,82.6,2.4,29.2,49.0,9.0,100.0,2.0,4.1,0,53
21:47:52,1769032072.0959153,82.6,2.3,31.6,49.0,8.9,100.0,6.1,8.7,0,52
21:47:53,1769032073.0968595,86.3,2.3,30.1,49.0,7.1,100.0,7.9,6.1,0,52
21:47:54,1769032074.0972288,87.3,2.4,29.7,49.0,5.1,100.0,9.0,5.1,0,52
21:47:55,1769032075.0977428,86.4,2.3,30.8,49.0,7.0,100.0,7.1,8.0,0,52
21:47:56,1769032076.098707,86.0,2.3,28.4,49.0,5.1,100.0,4.0,5.0,0,51
21:47:57,1769032077.0994515,87.6,2.3,30.3,49.0,6.9,100.0,6.0,7.1,0,51
21:47:58,1769032078.1004632,85.9,2.3,30.1,49.0,7.1,100.0,6.1,6.1,0,51
21:47:59,1769032079.101238,87.1,2.2,30.3,48.0,7.1,100.0,7.9,5.1,0,51
21:48:00,1769032080.102203,87.0,2.3,30.0,48.0,8.0,100.0,4.1,7.9,0,50
21:48:01,1769032081.1031523,86.1,2.3,30.2,49.0,6.1,100.0,6.0,8.1,0,50
21:48:02,1769032082.1041775,86.5,2.3,30.7,49.0,8.8,100.0,8.0,8.1,0,50
21:48:03,1769032083.1044726,86.3,2.3,29.6,49.0,8.0,100.0,5.1,3.1,0,50
21:48:04,1769032084.1052427,86.3,2.3,29.9,49.0,4.0,100.0,7.0,6.9,0,50
21:48:05,1769032085.1062238,86.9,2.3,35.9,49.0,14.3,100.0,15.7,15.0,0,50
21:48:06,1769032086.1071799,90.0,2.4,30.2,49.0,8.0,100.0,7.1,5.1,0,49
21:48:07,1769032087.1081648,86.7,2.4,30.7,49.0,8.0,100.0,8.8,6.1,0,50
21:48:08,1769032088.1091459,87.0,2.3,31.0,49.0,9.0,100.0,6.1,7.1,0,49
21:48:09,1769032089.1092274,86.1,2.4,29.9,49.0,5.1,100.0,6.9,8.8,0,50
21:48:10,1769032090.1101985,86.5,2.3,29.7,49.0,4.1,100.0,6.2,7.0,0,50
21:48:11,1769032091.1111374,86.0,2.3,29.4,49.0,6.0,100.0,5.1,6.9,0,49
21:48:12,1769032092.1121435,85.6,2.3,29.3,49.0,6.0,100.0,6.0,6.1,0,50
21:48:13,1769032093.1131773,87.0,2.3,30.1,48.0,9.6,100.0,3.1,5.1,0,50
21:48:14,1769032094.1140616,85.4,2.4,30.1,48.0,5.2,100.0,8.9,7.1,0,50
21:48:15,1769032095.115011,86.7,2.3,30.4,48.0,8.9,100.0,5.1,7.0,0,50
21:48:16,1769032096.116004,87.0,2.3,30.6,48.0,8.1,100.0,5.1,8.1,0,50
21:48:17,1769032097.1169384,86.7,2.3,29.4,48.0,8.1,100.0,4.1,3.1,0,50
21:48:18,1769032098.1172504,86.5,2.3,24.9,48.0,20.0,60.4,7.2,12.2,0,50
21:48:19,1769032099.1182096,81.2,2.3,18.3,43.0,14.4,22.0,17.2,20.2,0,50
21:48:20,1769032100.1191247,69.8,2.9,33.7,43.0,18.6,77.6,18.2,19.6,0,50
21:48:21,1769032101.1200907,69.6,2.4,32.8,49.0,9.1,100.0,8.2,14.0,0,50
21:48:22,1769032102.1210535,81.8,2.6,33.3,48.0,11.1,100.0,11.1,10.1,0,50
21:48:23,1769032103.1211805,79.3,2.4,43.8,48.0,35.4,77.2,33.3,29.3,0,50
21:48:24,1769032104.1221275,82.2,2.3,41.5,49.0,34.7,46.5,35.1,50.5,8,50
21:48:25,1769032105.1230853,109.0,2.3,42.4,49.0,33.7,88.1,20.8,25.3,16,51
21:48:26,1769032106.1240335,106.5,2.3,41.0,51.0,19.8,100.0,16.2,28.7,14,51
21:48:27,1769032107.1249654,107.0,2.3,28.8,51.0,4.0,100.0,6.0,4.1,16,51
21:48:28,1769032108.1251848,101.9,2.3,41.2,48.0,18.0,100.0,22.5,22.8,16,51
21:48:29,1769032109.1260698,109.0,2.3,40.7,48.0,21.1,100.0,20.4,22.8,16,51
21:48:30,1769032110.127013,109.5,2.4,36.7,50.0,18.2,100.0,15.3,10.3,14,51
21:48:31,1769032111.127955,102.9,2.4,37.2,50.0,24.2,100.0,14.0,12.0,16,51
21:48:32,1769032112.1285336,108.0,2.5,42.8,48.0,28.6,100.0,22.3,21.0,17,52
21:48:33,1769032113.129673,104.6,2.3,37.5,49.0,17.0,100.0,19.8,13.1,14,52
21:48:34,1769032114.1305826,108.2,2.4,32.2,49.0,8.2,100.0,14.0,5.1,16,52
21:48:35,1769032115.1315496,101.7,2.4,41.7,49.0,22.8,100.0,23.2,20.8,16,52
21:48:36,1769032116.1324914,108.4,2.3,41.0,51.0,25.3,64.6,22.5,52.5,14,52
21:48:37,1769032117.133173,101.1,2.3,29.3,51.0,5.1,5.9,5.2,100.0,16,52
21:48:38,1769032118.1341255,109.0,2.4,39.7,49.0,23.8,93.9,21.0,20.0,16,52
21:48:39,1769032119.1350768,105.8,2.4,41.5,49.0,22.8,100.0,23.5,20.6,17,52
21:48:40,1769032120.1351416,107.7,2.3,37.0,50.0,16.8,100.0,17.3,14.3,14,52
21:48:41,1769032121.1361058,101.9,2.3,34.2,50.0,17.2,100.0,9.1,10.1,16,52
21:48:42,1769032122.1370578,100.6,2.4,41.2,49.0,20.8,100.0,20.6,23.8,16,52
21:48:43,1769032123.137176,109.6,2.4,41.0,50.0,30.4,100.0,18.0,16.8,14,52
21:48:44,1769032124.138115,102.4,2.3,28.0,50.0,3.1,100.0,5.1,2.0,16,53
21:48:45,1769032125.1390598,106.9,2.3,41.5,49.0,19.8,100.0,24.5,20.6,16,52
21:48:46,1769032126.1392488,103.3,2.4,41.6,49.0,28.3,100.0,17.5,20.6,14,53
21:48:47,1769032127.1402102,109.2,2.4,34.3,49.0,8.2,100.0,16.2,11.8,14,53
21:48:48,1769032128.1411688,101.7,2.4,38.3,49.0,22.0,100.0,13.0,18.8,16,53
21:48:49,1769032129.1421247,110.1,2.4,41.1,49.0,28.6,100.0,21.0,14.6,17,53
21:48:50,1769032130.1430545,101.2,2.4,37.4,49.0,22.2,100.0,15.8,10.9,14,53
21:48:51,1769032131.1433554,103.9,2.3,32.3,48.0,11.7,100.0,11.8,6.1,17,53
21:48:52,1769032132.1443264,105.6,2.3,41.1,48.0,17.8,100.0,18.8,28.0,17,53
21:48:53,1769032133.1451836,106.9,2.4,41.2,49.0,24.5,100.0,22.2,16.3,14,53
21:48:54,1769032134.1461427,109.2,2.3,27.7,49.0,2.0,100.0,5.1,3.0,17,53
21:48:55,1769032135.1470804,100.0,2.3,44.8,48.0,27.0,100.0,23.2,27.3,17,53
21:48:56,1769032136.1480427,112.3,2.3,41.3,48.0,25.0,100.0,24.0,16.2,15,53
21:48:57,1769032137.1482627,102.3,2.3,33.1,50.0,17.5,100.0,6.2,8.8,16,53
21:48:58,1769032138.1491756,105.2,2.3,37.2,50.0,20.2,100.0,10.2,17.0,17,54
21:48:59,1769032139.1501398,105.4,2.3,42.0,48.0,31.0,100.0,18.8,20.0,17,54
21:49:00,1769032140.1507907,108.6,2.3,36.7,49.0,14.4,100.0,17.2,12.9,14,54
21:49:01,1769032141.151709,100.9,2.4,32.2,49.0,10.0,100.0,8.8,12.2,16,54
21:49:02,1769032142.157174,101.0,2.3,42.0,49.0,32.4,100.0,15.0,20.2,17,54
21:49:03,1769032143.1581166,109.3,2.4,40.9,49.0,26.5,100.0,13.0,23.2,14,54
21:49:04,1769032144.1590714,104.0,2.3,30.0,48.0,5.0,100.0,5.9,8.2,17,54
21:49:05,1769032145.1600113,106.7,2.4,39.6,48.0,27.0,100.0,16.5,14.7,16,54
21:49:06,1769032146.160969,106.6,2.4,42.2,49.0,30.0,100.0,18.8,19.8,15,54
21:49:07,1769032147.1611829,108.9,2.3,34.4,49.0,12.5,100.0,10.9,15.0,16,54
21:49:08,1769032148.1621222,101.3,2.3,36.1,49.0,17.2,100.0,12.1,14.0,17,54
21:49:09,1769032149.1630816,108.9,2.3,40.8,49.0,22.0,100.0,13.1,28.7,16,54
21:49:10,1769032150.1634023,102.1,2.3,39.5,49.0,21.0,100.0,20.8,16.3,14,54
21:49:11,1769032151.1643417,104.3,2.3,30.0,49.0,7.1,100.0,5.9,5.0,16,54
21:49:12,1769032152.1651692,105.2,2.4,41.2,49.0,19.8,100.0,25.3,21.0,17,54
21:49:13,1769032153.1661186,108.7,2.3,41.1,49.0,22.8,100.0,17.3,22.4,14,55
21:49:14,1769032154.1666942,108.6,2.3,31.8,49.0,7.9,100.0,7.9,11.8,17,54
21:49:15,1769032155.1674063,100.8,2.3,38.6,49.0,14.3,100.0,13.0,27.6,16,55
21:49:16,1769032156.168372,109.5,2.3,41.3,48.0,17.2,100.0,23.2,23.8,16,55
21:49:17,1769032157.1691773,103.3,2.3,36.8,49.0,21.4,100.0,12.7,13.1,15,55
21:49:18,1769032158.1697848,107.9,2.3,34.2,49.0,12.9,100.0,13.0,10.3,16,55
21:49:19,1769032159.170351,103.8,2.4,41.4,49.0,27.7,100.0,21.8,16.3,16,55
21:49:20,1769032160.1704688,108.8,2.4,43.6,50.0,20.8,100.0,29.0,23.1,14,55
21:49:21,1769032161.1714473,103.6,2.3,29.8,50.0,7.9,100.0,8.0,3.1,17,55
21:49:22,1769032162.1718667,101.6,2.4,40.2,48.0,25.3,100.0,18.4,16.2,17,55
21:49:23,1769032163.1728294,107.9,2.3,41.8,49.0,26.0,100.0,25.2,17.0,16,55
21:49:24,1769032164.1737812,106.2,2.4,35.5,49.0,13.0,100.0,8.2,19.8,16,55
21:49:25,1769032165.1745157,104.5,2.4,35.7,49.0,13.0,100.0,12.0,19.4,17,55
21:49:26,1769032166.175484,109.6,2.3,41.7,49.0,25.5,100.0,26.0,13.0,17,55
21:49:27,1769032167.17594,110.0,2.3,39.1,50.0,23.0,100.0,17.2,17.8,14,55
21:49:28,1769032168.1768823,101.0,2.3,30.8,49.0,10.7,100.0,5.0,5.9,17,55
21:49:29,1769032169.1771853,109.0,2.3,40.5,49.0,19.6,100.0,20.2,22.2,17,56
21:49:30,1769032170.17814,105.6,2.4,41.4,49.0,31.3,100.0,9.3,23.5,15,55
21:49:31,1769032171.1791067,107.4,2.3,29.1,48.0,14.3,84.8,4.1,12.0,6,55
21:49:32,1769032172.1801002,101.2,2.4,14.3,43.0,13.0,16.0,13.1,16.8,0,56
21:49:33,1769032173.1810744,97.8,2.3,18.2,43.0,15.5,20.0,18.0,17.8,0,55
21:49:34,1769032174.1820288,84.4,2.4,5.3,42.0,7.0,4.1,7.1,4.1,0,55
21:49:35,1769032175.1830332,69.8,2.5,5.5,42.0,6.0,6.1,3.1,6.0,0,55
21:49:36,1769032176.183985,68.0,2.4,4.5,42.0,4.0,4.0,5.0,7.1,0,55
21:49:37,1769032177.1849692,68.6,2.3,4.5,43.0,5.1,5.1,3.1,3.1,0,55
21:49:38,1769032178.1852422,68.6,2.4,5.3,43.0,5.1,4.0,8.9,5.1,0,55
21:49:39,1769032179.1862192,68.4,2.3,6.0,43.0,6.9,6.8,5.0,6.1,0,55
21:49:40,1769032180.1871722,57.8,2.4,3.8,42.0,3.0,2.1,5.0,4.0,0,55
21:49:41,1769032181.188121,53.8,2.3,5.8,42.0,7.1,4.0,5.1,6.1,0,55
21:49:42,1769032182.189063,54.9,2.4,6.2,42.0,5.9,5.0,6.0,7.1,0,55
21:49:43,1769032183.1895998,52.7,2.3,2.5,43.0,3.0,1.0,4.0,3.0,0,55
21:49:44,1769032184.1902852,52.9,2.3,5.3,41.0,6.0,5.1,5.1,5.2,0,55
21:49:45,1769032185.191197,53.0,2.3,5.7,41.0,5.9,3.1,7.0,5.9,0,55
21:49:46,1769032186.1921422,52.1,2.3,11.0,43.0,10.3,12.2,11.1,10.2,0,55
21:49:47,1769032187.1931648,54.8,2.3,6.2,42.0,6.1,7.1,5.9,4.0,0,55
21:49:48,1769032188.1932158,52.9,2.4,6.6,42.0,6.1,8.0,9.0,5.2,0,55
21:49:49,1769032189.1941738,53.0,2.4,5.8,42.0,6.1,6.1,4.1,6.1,0,55
21:49:50,1769032190.1951256,53.6,2.3,3.5,42.0,2.0,3.0,4.0,4.0,0,55
21:49:51,1769032191.1958208,52.1,2.3,4.5,42.0,5.0,5.0,4.0,5.0,0,55
21:49:52,1769032192.1967828,53.2,2.4,4.8,42.0,5.1,5.9,5.0,4.0,0,55
21:49:53,1769032193.1977346,52.7,2.3,4.5,41.0,5.1,5.0,4.0,4.1,0,55
21:49:54,1769032194.198676,52.6,2.4,4.3,41.0,4.0,4.0,4.1,6.9,0,55
21:49:55,1769032195.1996827,53.0,2.3,6.2,42.0,7.9,3.0,6.8,5.0,0,55
21:49:56,1769032196.2006576,52.5,2.3,5.8,42.0,4.0,6.0,7.0,5.1,0,55
21:49:57,1769032197.2012196,52.9,2.3,5.3,43.0,5.1,6.9,4.0,5.1,0,55
21:49:58,1769032198.2021914,53.5,2.3,2.3,43.0,3.1,2.1,2.0,4.0,0,55
21:49:59,1769032199.203177,53.0,2.3,5.2,42.0,5.0,6.9,4.0,5.0,0,55
21:50:00,1769032200.2034464,52.8,2.4,5.3,42.0,7.0,3.1,5.1,6.0,0,55
